timestamp,elapsed,x,y,raw_heading,filtered_heading,target_angle,angle_error,P,D,correction,left_speed,right_speed,distance_to_target
1761993965.749,0.000,4.300,2.010,325.39,325.39,269.75,-55.64,-27.82,-5.00,-32.82,32.8,-32.8,2.300
1761993965.770,0.021,4.300,2.010,325.39,325.39,269.75,-55.64,-27.82,0.00,-27.82,27.8,-27.8,2.300
1761993965.792,0.043,4.300,2.010,325.39,325.39,269.75,-55.64,-27.82,0.00,-27.82,27.8,-27.8,2.300
1761993965.814,0.065,4.300,2.010,325.39,325.39,269.75,-55.64,-27.82,0.00,-27.82,27.8,-27.8,2.300
1761993965.836,0.087,4.300,2.010,325.39,325.39,269.75,-55.64,-27.82,0.00,-27.82,27.8,-27.8,2.300
1761993965.858,0.109,4.300,2.010,325.39,325.39,269.75,-55.64,-27.82,0.00,-27.82,27.8,-27.8,2.300
1761993965.879,0.130,4.300,2.010,325.39,325.39,269.75,-55.64,-27.82,0.00,-27.82,27.8,-27.8,2.300
1761993965.901,0.152,4.300,2.010,325.39,325.39,269.75,-55.64,-27.82,0.00,-27.82,27.8,-27.8,2.300
1761993965.927,0.178,4.300,2.010,327.54,325.66,269.75,-55.90,-27.95,-0.52,-28.48,28.5,-28.5,2.300
1761993965.948,0.199,4.340,1.980,327.54,325.92,270.49,-55.43,-27.72,1.11,-26.61,26.6,-26.6,2.340
1761993965.969,0.221,4.340,1.980,327.54,326.19,270.49,-55.70,-27.85,-0.62,-28.47,28.5,-28.5,2.340
1761993965.991,0.242,4.340,1.980,327.54,326.46,270.49,-55.97,-27.99,-0.62,-28.60,28.6,-28.6,2.340
1761993966.012,0.264,4.340,1.980,331.24,327.19,270.49,-56.70,-28.35,-1.73,-30.08,30.1,-30.1,2.340
1761993966.033,0.285,4.340,1.980,331.24,327.93,270.49,-57.44,-28.72,-1.74,-30.46,30.5,-30.5,2.340
1761993966.054,0.306,4.340,1.980,331.24,328.66,270.49,-58.17,-29.08,-1.74,-30.82,30.8,-30.8,2.340
1761993966.075,0.327,4.340,1.980,331.24,329.39,270.49,-58.90,-29.45,-1.76,-31.21,31.2,-31.2,2.340
1761993966.097,0.348,4.340,1.980,331.24,329.85,270.49,-59.36,-29.68,-1.08,-30.76,30.8,-30.8,2.340
1761993966.117,0.369,4.340,1.980,336.94,331.03,270.49,-60.54,-30.27,-2.83,-33.10,33.1,-33.1,2.340
1761993966.139,0.390,4.330,1.970,336.94,332.20,270.74,-61.47,-30.73,-2.17,-32.91,32.9,-32.9,2.330
1761993966.160,0.411,4.330,1.970,336.94,333.38,270.74,-62.64,-31.32,-2.77,-34.09,34.1,-34.1,2.330
1761993966.181,0.432,4.330,1.970,336.94,334.09,270.74,-63.35,-31.68,-1.69,-33.37,33.4,-33.4,2.330
1761993966.203,0.454,4.330,1.970,336.94,334.80,270.74,-64.07,-32.03,-1.64,-33.67,33.7,-33.7,2.330
1761993966.223,0.475,4.330,1.970,339.68,335.86,270.74,-65.12,-32.56,-2.55,-35.11,35.1,-35.1,2.330
1761993966.244,0.495,4.330,1.970,339.68,336.91,270.74,-66.18,-33.09,-2.55,-35.64,35.6,-35.6,2.330
1761993966.265,0.516,4.330,1.970,339.68,337.97,270.74,-67.23,-33.61,-2.55,-36.16,36.2,-36.2,2.330
1761993966.285,0.537,4.330,1.970,339.68,338.31,270.74,-67.57,-33.79,-0.83,-34.61,34.6,-34.6,2.330
1761993966.306,0.557,4.330,1.970,339.68,338.65,270.74,-67.91,-33.96,-0.83,-34.79,34.8,-34.8,2.330
1761993966.327,0.578,4.330,1.980,350.77,340.37,270.49,-69.88,-34.94,-4.76,-39.70,39.7,-39.7,2.330
1761993966.347,0.599,4.330,1.980,350.77,342.10,270.49,-71.61,-35.80,-4.19,-40.00,40.0,-40.0,2.330
1761993966.369,0.620,4.330,1.980,350.77,343.83,270.49,-73.34,-36.67,-3.99,-40.66,40.7,-40.7,2.330
1761993966.392,0.643,4.330,1.980,350.77,345.22,270.49,-74.73,-37.36,-3.05,-40.41,40.4,-40.4,2.330
1761993966.414,0.665,4.330,1.980,350.77,346.61,270.49,-76.12,-38.06,-3.16,-41.22,41.2,-41.2,2.330
1761993966.435,0.686,4.330,1.980,3.74,349.61,270.49,-79.12,-39.56,-5.00,-44.56,44.6,-44.6,2.330
1761993966.455,0.706,4.330,1.980,3.74,352.62,270.49,-82.13,-41.06,-5.00,-45.00,45.0,-45.0,2.330
1761993966.476,0.727,4.330,1.980,3.74,355.62,270.49,-85.13,-42.57,-5.00,-45.00,45.0,-45.0,2.330
1761993966.497,0.748,4.330,1.980,3.74,357.25,270.49,-86.76,-43.38,-3.92,-45.00,45.0,-45.0,2.330
1761993966.517,0.768,4.330,1.980,3.74,358.88,270.49,-88.39,-44.19,-3.94,-45.00,45.0,-45.0,2.330
1761993966.538,0.789,4.320,1.800,13.40,1.71,274.93,-86.78,-43.39,3.89,-39.50,39.5,-39.5,2.329
1761993966.559,0.810,4.320,1.800,13.40,4.54,274.93,-89.61,-44.81,-5.00,-45.00,45.0,-45.0,2.329
1761993966.580,0.831,4.320,1.800,13.40,7.36,274.93,-92.43,-46.21,-5.00,-45.00,45.0,-45.0,2.329
1761993966.602,0.853,4.320,1.800,13.40,8.57,274.93,-93.64,-46.82,-2.82,-45.00,45.0,-45.0,2.329
1761993966.622,0.874,4.320,1.800,13.40,9.78,274.93,-94.85,-47.42,-2.92,-45.00,45.0,-45.0,2.329
1761993966.643,0.894,4.320,1.800,35.09,13.64,274.93,-98.72,-49.36,-5.00,-45.00,45.0,-45.0,2.329
1761993966.664,0.915,4.320,1.800,35.09,17.56,274.93,-102.64,-51.32,-5.00,-45.00,45.0,-45.0,2.329
1761993966.685,0.936,4.320,1.800,35.09,21.50,274.93,-106.57,-53.29,-5.00,-45.00,45.0,-45.0,2.329
1761993966.706,0.958,4.320,1.800,35.09,24.24,274.93,-109.32,-54.66,-5.00,-45.00,45.0,-45.0,2.329
1761993966.727,0.978,4.300,2.010,35.09,26.99,269.75,-117.23,-58.62,-5.00,-45.00,45.0,-45.0,2.300
1761993966.748,0.999,4.300,2.010,42.51,30.65,269.75,-120.89,-60.45,-5.00,-45.00,45.0,-45.0,2.300
1761993966.769,1.021,4.300,2.010,42.51,34.28,269.75,-124.53,-62.27,-5.00,-45.00,45.0,-45.0,2.300
1761993966.790,1.041,4.300,2.010,42.51,37.87,269.75,-128.12,-64.06,-5.00,-45.00,45.0,-45.0,2.300
1761993966.811,1.062,4.300,2.010,42.51,38.80,269.75,-129.05,-64.52,-2.26,-45.00,45.0,-45.0,2.300
1761993966.831,1.083,4.300,2.010,42.51,39.73,269.75,-129.98,-64.99,-2.26,-45.00,45.0,-45.0,2.300
1761993966.852,1.103,4.300,2.010,63.88,43.28,269.75,-133.53,-66.76,-5.00,-45.00,45.0,-45.0,2.300
1761993966.873,1.124,4.300,2.010,63.88,46.88,269.75,-137.13,-68.56,-5.00,-45.00,45.0,-45.0,2.300
1761993966.893,1.145,4.300,2.010,63.88,50.49,269.75,-140.74,-70.37,-5.00,-45.00,45.0,-45.0,2.300
1761993966.914,1.165,4.300,2.010,63.88,53.19,269.75,-143.44,-71.72,-5.00,-45.00,45.0,-45.0,2.300
1761993966.936,1.187,4.330,2.010,63.88,55.89,269.75,-146.14,-73.07,-5.00,-45.00,45.0,-45.0,2.330
1761993966.956,1.207,4.330,2.010,76.55,60.16,269.75,-150.40,-75.20,-5.00,-45.00,45.0,-45.0,2.330
1761993966.977,1.228,4.330,2.010,76.55,64.42,269.75,-154.66,-77.33,-5.00,-45.00,45.0,-45.0,2.330
1761993966.998,1.249,4.330,2.010,76.55,68.62,269.75,-158.87,-79.43,-5.00,-45.00,45.0,-45.0,2.330
1761993967.021,1.272,4.330,2.010,76.55,70.21,269.75,-160.46,-80.23,-3.43,-45.00,45.0,-45.0,2.330
1761993967.042,1.293,4.330,2.010,76.55,71.80,269.75,-162.05,-81.02,-3.85,-45.00,45.0,-45.0,2.330
1761993967.062,1.313,4.330,2.010,97.67,75.98,269.75,-166.22,-83.11,-5.00,-45.00,45.0,-45.0,2.330
1761993967.083,1.334,4.330,2.010,97.67,80.21,269.75,-170.45,-85.23,-5.00,-45.00,45.0,-45.0,2.330
1761993967.103,1.355,4.330,2.010,97.67,84.44,269.75,-174.69,-87.34,-5.00,-45.00,45.0,-45.0,2.330
1761993967.124,1.375,4.330,2.020,97.67,87.11,269.51,-177.60,-88.80,-5.00,-45.00,45.0,-45.0,2.330
1761993967.145,1.396,4.330,2.020,97.67,89.78,269.51,179.73,89.86,5.00,45.00,-45.0,45.0,2.330
1761993967.165,1.417,4.330,2.020,119.98,95.17,269.51,174.34,87.17,-5.00,45.00,-45.0,45.0,2.330
1761993967.186,1.437,4.330,2.020,119.98,100.61,269.51,168.90,84.45,-5.00,45.00,-45.0,45.0,2.330
1761993967.207,1.458,4.330,2.020,119.98,106.01,269.51,163.50,81.75,-5.00,45.00,-45.0,45.0,2.330
1761993967.227,1.478,4.330,2.020,119.98,108.83,269.51,160.68,80.34,-5.00,45.00,-45.0,45.0,2.330
1761993967.248,1.499,4.330,2.020,119.98,111.65,269.51,157.86,78.93,-5.00,45.00,-45.0,45.0,2.330
1761993967.269,1.520,4.330,2.020,126.31,115.25,269.51,154.25,77.13,-5.00,45.00,-45.0,45.0,2.330
1761993967.289,1.540,4.330,2.020,126.31,118.83,269.51,150.68,75.34,-5.00,45.00,-45.0,45.0,2.330
1761993967.311,1.562,4.330,2.020,126.31,122.35,269.51,147.15,73.58,-5.00,45.00,-45.0,45.0,2.330
1761993967.332,1.584,4.440,1.980,126.31,123.14,270.47,147.32,73.66,0.40,45.00,-45.0,45.0,2.440
1761993967.353,1.604,4.440,1.980,126.31,123.94,270.47,146.53,73.27,-1.91,45.00,-45.0,45.0,2.440
1761993967.378,1.629,4.440,1.980,117.66,123.65,270.47,146.82,73.41,0.58,45.00,-45.0,45.0,2.440
1761993967.399,1.651,4.440,1.980,117.66,123.36,270.47,147.11,73.56,0.68,45.00,-45.0,45.0,2.440
1761993967.421,1.672,4.440,1.980,117.66,123.07,270.47,147.40,73.70,0.68,45.00,-45.0,45.0,2.440
1761993967.442,1.693,4.440,1.980,117.66,121.98,270.47,148.49,74.24,2.57,45.00,-45.0,45.0,2.440
1761993967.462,1.713,4.440,1.980,110.95,120.06,270.47,150.41,75.20,4.65,45.00,-45.0,45.0,2.440
1761993967.483,1.734,4.440,1.980,110.95,118.14,270.47,152.33,76.16,4.64,45.00,-45.0,45.0,2.440
1761993967.504,1.755,4.440,1.980,110.95,116.22,270.47,154.25,77.12,4.64,45.00,-45.0,45.0,2.440
1761993967.524,1.776,4.410,1.880,110.95,114.31,272.85,158.54,79.27,5.00,45.00,-45.0,45.0,2.413
1761993967.545,1.796,4.410,1.880,110.95,113.47,272.85,159.38,79.69,2.04,45.00,-45.0,45.0,2.413
1761993967.566,1.817,4.410,1.880,92.37,110.34,272.85,162.51,81.26,5.00,45.00,-45.0,45.0,2.413
1761993967.587,1.838,4.410,1.880,92.37,107.18,272.85,165.67,82.84,5.00,45.00,-45.0,45.0,2.413
1761993967.609,1.860,4.410,1.880,92.37,104.00,272.85,168.85,84.42,5.00,45.00,-45.0,45.0,2.413
1761993967.629,1.880,4.410,1.880,92.37,101.66,272.85,171.19,85.60,5.00,45.00,-45.0,45.0,2.413
1761993967.650,1.901,4.410,1.880,92.37,99.32,272.85,173.53,86.77,5.00,45.00,-45.0,45.0,2.413
1761993967.670,1.922,4.410,1.880,81.84,95.67,272.85,177.18,88.59,5.00,45.00,-45.0,45.0,2.413
1761993967.692,1.943,4.410,1.880,81.84,92.03,272.85,-179.18,-89.59,-5.00,-45.00,45.0,-45.0,2.413
1761993967.712,1.963,4.410,1.880,81.84,88.42,272.85,-175.57,-87.79,5.00,-45.00,45.0,-45.0,2.413
1761993967.733,1.984,4.390,1.990,81.84,87.10,270.24,-176.86,-88.43,-3.11,-45.00,45.0,-45.0,2.390
1761993967.754,2.005,4.390,1.990,81.84,85.79,270.24,-175.55,-87.77,3.18,-45.00,45.0,-45.0,2.390
1761993967.774,2.026,4.390,1.990,60.90,81.90,270.24,-171.66,-85.83,5.00,-45.00,45.0,-45.0,2.390
1761993967.795,2.046,4.390,1.990,60.90,77.96,270.24,-167.72,-83.86,5.00,-45.00,45.0,-45.0,2.390
1761993967.816,2.067,4.390,1.990,60.90,74.02,270.24,-163.78,-81.89,5.00,-45.00,45.0,-45.0,2.390
1761993967.836,2.088,4.390,1.990,60.90,71.37,270.24,-161.13,-80.56,5.00,-45.00,45.0,-45.0,2.390
1761993967.857,2.108,4.390,1.990,60.90,68.72,270.24,-158.48,-79.24,5.00,-45.00,45.0,-45.0,2.390
1761993967.878,2.129,4.390,1.990,65.45,66.66,270.24,-156.42,-78.21,4.99,-45.00,45.0,-45.0,2.390
1761993967.898,2.150,4.390,1.990,65.45,64.62,270.24,-154.38,-77.19,4.89,-45.00,45.0,-45.0,2.390
1761993967.919,2.170,4.370,2.080,65.45,62.60,268.07,-154.54,-77.27,-0.37,-45.00,45.0,-45.0,2.371
1761993967.940,2.192,4.370,2.080,65.45,63.17,268.07,-155.11,-77.55,-1.34,-45.00,45.0,-45.0,2.371
1761993967.961,2.212,4.370,2.080,65.45,63.74,268.07,-155.68,-77.84,-1.37,-45.00,45.0,-45.0,2.371
1761993967.982,2.234,4.370,2.080,76.02,65.63,268.07,-157.56,-78.78,-4.41,-45.00,45.0,-45.0,2.371
1761993968.004,2.255,4.370,2.080,76.02,67.52,268.07,-159.45,-79.73,-4.47,-45.00,45.0,-45.0,2.371
1761993968.025,2.276,4.370,2.080,76.02,69.41,268.07,-161.34,-80.67,-4.45,-45.00,45.0,-45.0,2.371
1761993968.046,2.297,4.370,2.080,76.02,70.74,268.07,-162.67,-81.33,-3.14,-45.00,45.0,-45.0,2.371
1761993968.067,2.318,4.370,2.080,76.02,72.06,268.07,-164.00,-82.00,-3.13,-45.00,45.0,-45.0,2.371
1761993968.088,2.340,4.370,2.080,94.98,75.72,268.07,-167.65,-83.83,-5.00,-45.00,45.0,-45.0,2.371
1761993968.110,2.361,4.370,2.080,94.98,79.41,268.07,-171.35,-85.67,-5.00,-45.00,45.0,-45.0,2.371
1761993968.131,2.382,4.410,2.060,94.98,83.11,268.57,-174.54,-87.27,-5.00,-45.00,45.0,-45.0,2.411
1761993968.152,2.404,4.410,2.060,94.98,85.50,268.57,-176.93,-88.46,-5.00,-45.00,45.0,-45.0,2.411
1761993968.173,2.425,4.410,2.060,94.98,87.89,268.57,-179.32,-89.66,-5.00,-45.00,45.0,-45.0,2.411
1761993968.195,2.446,4.410,2.060,103.06,91.29,268.57,177.29,88.64,5.00,45.00,-45.0,45.0,2.411
1761993968.216,2.467,4.410,2.060,103.06,94.67,268.57,173.91,86.95,-5.00,45.00,-45.0,45.0,2.411
1761993968.236,2.488,4.410,2.060,103.06,98.01,268.57,170.56,85.28,-5.00,45.00,-45.0,45.0,2.411
1761993968.257,2.508,4.410,2.060,103.06,99.02,268.57,169.55,84.78,-2.45,45.00,-45.0,45.0,2.411
1761993968.278,2.529,4.410,2.060,103.06,100.04,268.57,168.54,84.27,-2.45,45.00,-45.0,45.0,2.411
1761993968.299,2.550,4.410,2.060,122.21,103.40,268.57,165.17,82.59,-5.00,45.00,-45.0,45.0,2.411
1761993968.319,2.570,4.410,2.060,122.21,106.81,268.57,161.77,80.88,-5.00,45.00,-45.0,45.0,2.411
1761993968.340,2.591,4.420,1.950,122.21,110.22,271.18,160.96,80.48,-1.94,45.00,-45.0,45.0,2.421
1761993968.361,2.612,4.420,1.950,122.21,112.64,271.18,158.54,79.27,-5.00,45.00,-45.0,45.0,2.421
1761993968.382,2.633,4.420,1.950,122.21,115.05,271.18,156.13,78.06,-5.00,45.00,-45.0,45.0,2.421
1761993968.402,2.653,4.420,1.950,115.68,116.64,271.18,154.55,77.27,-3.83,45.00,-45.0,45.0,2.421
1761993968.424,2.675,4.420,1.950,115.68,118.21,271.18,152.98,76.49,-3.60,45.00,-45.0,45.0,2.421
1761993968.445,2.696,4.420,1.950,115.68,119.77,271.18,151.42,75.71,-3.79,45.00,-45.0,45.0,2.421
1761993968.465,2.717,4.420,1.950,115.68,118.95,271.18,152.23,76.12,1.98,45.00,-45.0,45.0,2.421
1761993968.486,2.737,4.420,1.950,115.68,118.13,271.18,153.05,76.53,1.98,45.00,-45.0,45.0,2.421
1761993968.507,2.758,4.420,1.950,102.89,115.73,271.18,155.46,77.73,5.00,45.00,-45.0,45.0,2.421
1761993968.527,2.779,4.390,1.950,102.89,113.31,271.20,157.89,78.94,5.00,45.00,-45.0,45.0,2.391
1761993968.548,2.799,4.390,1.950,102.89,110.89,271.20,160.31,80.15,5.00,45.00,-45.0,45.0,2.391
1761993968.570,2.821,4.390,1.950,102.89,109.29,271.20,161.91,80.96,3.74,45.00,-45.0,45.0,2.391
1761993968.591,2.843,4.390,1.950,102.89,107.68,271.20,163.52,81.76,3.70,45.00,-45.0,45.0,2.391
1761993968.613,2.864,4.390,1.950,91.51,104.66,271.20,166.53,83.27,5.00,45.00,-45.0,45.0,2.391
1761993968.634,2.885,4.390,1.950,91.51,101.64,271.20,169.56,84.78,5.00,45.00,-45.0,45.0,2.391
1761993968.655,2.906,4.390,1.950,91.51,98.63,271.20,172.57,86.29,5.00,45.00,-45.0,45.0,2.391
1761993968.676,2.927,4.390,1.950,91.51,97.20,271.20,174.00,87.00,3.39,45.00,-45.0,45.0,2.391
1761993968.697,2.948,4.390,1.950,91.51,95.77,271.20,175.43,87.71,3.37,45.00,-45.0,45.0,2.391
1761993968.718,2.969,4.390,1.950,69.85,91.70,271.20,179.50,89.75,5.00,45.00,-45.0,45.0,2.391
1761993968.739,2.990,4.380,1.940,69.85,87.56,271.44,-176.12,-88.06,-5.00,-45.00,45.0,-45.0,2.381
1761993968.760,3.011,4.380,1.940,69.85,83.42,271.44,-171.97,-85.99,5.00,-45.00,45.0,-45.0,2.381
1761993968.782,3.033,4.380,1.940,69.85,80.68,271.44,-169.24,-84.62,5.00,-45.00,45.0,-45.0,2.381
1761993968.803,3.054,4.380,1.940,69.85,77.94,271.44,-166.50,-83.25,5.00,-45.00,45.0,-45.0,2.381
1761993968.823,3.074,4.380,1.940,52.90,73.12,271.44,-161.68,-80.84,5.00,-45.00,45.0,-45.0,2.381
1761993968.844,3.095,4.380,1.940,52.90,68.29,271.44,-156.85,-78.42,5.00,-45.00,45.0,-45.0,2.381
1761993968.865,3.116,4.380,1.940,52.90,63.51,271.44,-152.07,-76.03,5.00,-45.00,45.0,-45.0,2.381
1761993968.886,3.137,4.380,1.940,52.90,61.38,271.44,-149.93,-74.97,5.00,-45.00,45.0,-45.0,2.381
1761993968.907,3.158,4.380,1.940,52.90,59.24,271.44,-147.80,-73.90,5.00,-45.00,45.0,-45.0,2.381
1761993968.928,3.179,4.350,1.970,50.20,56.77,270.73,-146.04,-73.02,4.23,-45.00,45.0,-45.0,2.350
1761993968.948,3.200,4.350,1.970,50.20,54.32,270.73,-143.59,-71.79,5.00,-45.00,45.0,-45.0,2.350
1761993968.969,3.220,4.350,1.970,50.20,51.88,270.73,-141.15,-70.58,5.00,-45.00,45.0,-45.0,2.350
1761993968.990,3.242,4.350,1.970,50.20,51.55,270.73,-140.82,-70.41,0.79,-45.00,45.0,-45.0,2.350
1761993969.012,3.263,4.350,1.970,50.20,51.21,270.73,-140.48,-70.24,0.79,-45.00,45.0,-45.0,2.350
1761993969.036,3.287,4.350,1.970,67.47,53.01,270.73,-142.28,-71.14,-3.72,-45.00,45.0,-45.0,2.350
1761993969.057,3.308,4.350,1.970,67.47,54.83,270.73,-144.10,-72.05,-4.28,-45.00,45.0,-45.0,2.350
1761993969.078,3.329,4.350,1.970,67.47,56.66,270.73,-145.93,-72.96,-4.43,-45.00,45.0,-45.0,2.350
1761993969.099,3.350,4.350,1.970,67.47,58.84,270.73,-148.10,-74.05,-5.00,-45.00,45.0,-45.0,2.350
1761993969.120,3.371,4.350,1.970,78.00,62.32,270.73,-151.58,-75.79,-5.00,-45.00,45.0,-45.0,2.350
1761993969.141,3.392,4.360,2.060,78.00,65.81,268.54,-157.27,-78.63,-5.00,-45.00,45.0,-45.0,2.361
1761993969.163,3.414,4.360,2.060,78.00,69.29,268.54,-160.75,-80.37,-5.00,-45.00,45.0,-45.0,2.361
1761993969.184,3.435,4.360,2.060,78.00,72.74,268.54,-164.19,-82.10,-5.00,-45.00,45.0,-45.0,2.361
1761993969.205,3.456,4.360,2.060,78.00,74.05,268.54,-165.51,-82.76,-3.12,-45.00,45.0,-45.0,2.361
1761993969.226,3.477,4.360,2.060,95.91,77.58,268.54,-169.04,-84.52,-5.00,-45.00,45.0,-45.0,2.361
1761993969.247,3.498,4.360,2.060,95.91,81.14,268.54,-172.59,-86.30,-5.00,-45.00,45.0,-45.0,2.361
1761993969.268,3.519,4.360,2.060,95.91,84.70,268.54,-176.15,-88.08,-5.00,-45.00,45.0,-45.0,2.361
1761993969.289,3.541,4.360,2.060,95.91,86.95,268.54,-178.41,-89.21,-5.00,-45.00,45.0,-45.0,2.361
1761993969.311,3.562,4.360,2.060,95.91,89.21,268.54,179.33,89.67,5.00,45.00,-45.0,45.0,2.361
1761993969.333,3.584,4.420,1.990,109.57,93.16,270.24,177.08,88.54,-5.00,45.00,-45.0,45.0,2.420
1761993969.354,3.605,4.420,1.990,109.57,97.11,270.24,173.13,86.57,-5.00,45.00,-45.0,45.0,2.420
1761993969.375,3.626,4.420,1.990,109.57,101.03,270.24,169.21,84.61,-5.00,45.00,-45.0,45.0,2.420
1761993969.396,3.647,4.420,1.990,109.57,102.74,270.24,167.50,83.75,-4.06,45.00,-45.0,45.0,2.420
1761993969.417,3.668,4.420,1.990,109.57,104.46,270.24,165.78,82.89,-4.08,45.00,-45.0,45.0,2.420
1761993969.438,3.689,4.420,1.990,119.98,107.46,270.24,162.77,81.39,-5.00,45.00,-45.0,45.0,2.420
1761993969.460,3.711,4.420,1.990,119.98,110.48,270.24,159.76,79.88,-5.00,45.00,-45.0,45.0,2.420
1761993969.481,3.732,4.420,1.990,119.98,113.47,270.24,156.76,78.38,-5.00,45.00,-45.0,45.0,2.420
1761993969.501,3.753,4.420,1.990,119.98,114.78,270.24,155.46,77.73,-3.17,45.00,-45.0,45.0,2.420
1761993969.522,3.773,4.460,1.970,119.98,116.08,270.70,154.62,77.31,-2.05,45.00,-45.0,45.0,2.460
1761993969.543,3.794,4.460,1.970,109.29,116.05,270.70,154.65,77.33,0.09,45.00,-45.0,45.0,2.460
1761993969.564,3.815,4.460,1.970,109.29,116.01,270.70,154.69,77.34,0.08,45.00,-45.0,45.0,2.460
1761993969.585,3.836,4.460,1.970,109.29,115.98,270.70,154.72,77.36,0.09,45.00,-45.0,45.0,2.460
1761993969.606,3.857,4.460,1.970,109.29,114.64,270.70,156.06,78.03,3.21,45.00,-45.0,45.0,2.460
1761993969.626,3.877,4.460,1.970,109.29,113.30,270.70,157.40,78.70,3.24,45.00,-45.0,45.0,2.460
1761993969.647,3.898,4.460,1.970,103.57,111.24,270.70,159.46,79.73,4.99,45.00,-45.0,45.0,2.460
1761993969.667,3.919,4.460,1.970,103.57,109.19,270.70,161.51,80.76,4.99,45.00,-45.0,45.0,2.460
1761993969.688,3.939,4.460,1.970,103.57,107.14,270.70,163.56,81.78,4.96,45.00,-45.0,45.0,2.460
1761993969.709,3.960,4.460,1.970,103.57,106.43,270.70,164.27,82.14,1.71,45.00,-45.0,45.0,2.460
1761993969.730,3.981,4.370,2.030,103.57,105.71,269.27,163.56,81.78,-1.72,45.00,-45.0,45.0,2.370
1761993969.750,4.001,4.370,2.030,84.56,102.65,269.27,166.62,83.31,5.00,45.00,-45.0,45.0,2.370
1761993969.771,4.022,4.370,2.030,84.56,99.56,269.27,169.71,84.85,5.00,45.00,-45.0,45.0,2.370
1761993969.792,4.043,4.370,2.030,84.56,96.46,269.27,172.81,86.41,5.00,45.00,-45.0,45.0,2.370
1761993969.814,4.065,4.370,2.030,84.56,94.06,269.27,175.21,87.61,5.00,45.00,-45.0,45.0,2.370
1761993969.834,4.085,4.370,2.030,84.56,91.67,269.27,177.61,88.80,5.00,45.00,-45.0,45.0,2.370
1761993969.855,4.106,4.370,2.030,71.49,87.66,269.27,-178.38,-89.19,-5.00,-45.00,45.0,-45.0,2.370
1761993969.875,4.127,4.370,2.030,71.49,83.64,269.27,-174.37,-87.18,5.00,-45.00,45.0,-45.0,2.370
1761993969.896,4.147,4.370,2.030,71.49,79.67,269.27,-170.39,-85.20,5.00,-45.00,45.0,-45.0,2.370
1761993969.917,4.168,4.370,2.030,71.49,78.03,269.27,-168.75,-84.38,3.97,-45.00,45.0,-45.0,2.370
1761993969.937,4.189,4.420,1.970,71.49,76.39,270.71,-165.68,-82.84,5.00,-45.00,45.0,-45.0,2.420
1761993969.959,4.210,4.420,1.970,52.90,72.46,270.71,-161.75,-80.88,5.00,-45.00,45.0,-45.0,2.420
1761993969.980,4.231,4.420,1.970,52.90,68.50,270.71,-157.79,-78.89,5.00,-45.00,45.0,-45.0,2.420
1761993970.000,4.252,4.420,1.970,52.90,64.54,270.71,-153.83,-76.91,5.00,-45.00,45.0,-45.0,2.420
1761993970.021,4.272,4.420,1.970,52.90,62.20,270.71,-151.49,-75.74,5.00,-45.00,45.0,-45.0,2.420
1761993970.042,4.293,4.420,1.970,52.90,59.85,270.71,-149.14,-74.57,5.00,-45.00,45.0,-45.0,2.420
1761993970.063,4.314,4.420,1.970,54.10,57.67,270.71,-146.96,-73.48,5.00,-45.00,45.0,-45.0,2.420
1761993970.084,4.335,4.420,1.970,54.10,55.50,270.71,-144.79,-72.39,5.00,-45.00,45.0,-45.0,2.420
1761993970.105,4.356,4.420,1.970,54.10,53.35,270.71,-142.64,-71.32,5.00,-45.00,45.0,-45.0,2.420
1761993970.126,4.377,4.390,2.080,54.10,53.50,268.08,-145.42,-72.71,-5.00,-45.00,45.0,-45.0,2.391
1761993970.147,4.398,4.390,2.080,54.10,53.65,268.08,-145.57,-72.78,-0.36,-45.00,45.0,-45.0,2.391
1761993970.168,4.419,4.390,2.080,70.67,55.85,268.08,-147.77,-73.88,-5.00,-45.00,45.0,-45.0,2.391
1761993970.189,4.440,4.390,2.080,70.67,58.07,268.08,-149.99,-74.99,-5.00,-45.00,45.0,-45.0,2.391
1761993970.210,4.461,4.390,2.080,70.67,60.30,268.08,-152.22,-76.11,-5.00,-45.00,45.0,-45.0,2.391
1761993970.231,4.482,4.390,2.080,70.67,62.39,268.08,-154.30,-77.15,-4.97,-45.00,45.0,-45.0,2.391
1761993970.252,4.503,4.390,2.080,70.67,64.47,268.08,-156.39,-78.19,-4.96,-45.00,45.0,-45.0,2.391
1761993970.273,4.524,4.390,2.080,91.48,69.10,268.08,-161.02,-80.51,-5.00,-45.00,45.0,-45.0,2.391
1761993970.294,4.545,4.390,2.080,91.48,73.78,268.08,-165.70,-82.85,-5.00,-45.00,45.0,-45.0,2.391
1761993970.315,4.566,4.410,2.130,91.48,78.45,266.91,-171.53,-85.77,-5.00,-45.00,45.0,-45.0,2.414
1761993970.336,4.587,4.410,2.130,91.48,81.07,266.91,-174.16,-87.08,-5.00,-45.00,45.0,-45.0,2.414
1761993970.357,4.608,4.410,2.130,91.48,83.70,266.91,-176.79,-88.40,-5.00,-45.00,45.0,-45.0,2.414
1761993970.378,4.629,4.410,2.130,101.88,87.62,266.91,179.29,89.65,5.00,45.00,-45.0,45.0,2.414
1761993970.400,4.651,4.410,2.130,101.88,91.52,266.91,175.39,87.70,-5.00,45.00,-45.0,45.0,2.414
1761993970.421,4.672,4.410,2.130,101.88,95.38,266.91,171.54,85.77,-5.00,45.00,-45.0,45.0,2.414
1761993970.442,4.693,4.410,2.130,101.88,96.68,266.91,170.23,85.12,-3.09,45.00,-45.0,45.0,2.414
1761993970.463,4.714,4.410,2.130,101.88,97.98,266.91,168.93,84.47,-3.09,45.00,-45.0,45.0,2.414
1761993970.487,4.738,4.410,2.130,118.38,101.32,266.91,165.59,82.80,-5.00,45.00,-45.0,45.0,2.414
1761993970.509,4.760,4.410,2.130,118.38,104.69,266.91,162.23,81.11,-5.00,45.00,-45.0,45.0,2.414
1761993970.530,4.781,4.390,2.080,118.38,108.05,268.08,160.03,80.02,-5.00,45.00,-45.0,45.0,2.391
1761993970.551,4.802,4.390,2.080,118.38,110.13,268.08,157.95,78.98,-4.95,45.00,-45.0,45.0,2.391
1761993970.572,4.823,4.390,2.080,112.58,111.48,268.08,156.61,78.30,-3.20,45.00,-45.0,45.0,2.391
1761993970.604,4.855,4.390,2.080,112.58,112.82,268.08,155.27,77.63,-2.13,45.00,-45.0,45.0,2.391
1761993970.625,4.876,4.390,2.080,112.58,114.15,268.08,153.93,76.96,-3.15,45.00,-45.0,45.0,2.391
1761993970.646,4.897,4.390,2.080,112.58,115.48,268.08,152.60,76.30,-3.14,45.00,-45.0,45.0,2.391
1761993970.667,4.918,4.390,2.080,112.58,114.76,268.08,153.33,76.66,1.71,45.00,-45.0,45.0,2.391
1761993970.688,4.939,4.390,2.080,98.45,112.28,268.08,155.80,77.90,5.00,45.00,-45.0,45.0,2.391
1761993970.710,4.961,4.390,2.080,98.45,109.79,268.08,158.29,79.15,5.00,45.00,-45.0,45.0,2.391
1761993970.731,4.982,4.390,2.080,98.45,107.29,268.08,160.79,80.40,5.00,45.00,-45.0,45.0,2.391
1761993970.752,5.003,4.460,1.830,98.45,105.52,273.95,168.44,84.22,5.00,45.00,-45.0,45.0,2.466
1761993970.773,5.024,4.460,1.830,98.45,103.74,273.95,170.21,85.11,4.23,45.00,-45.0,45.0,2.466
1761993970.794,5.045,4.460,1.830,87.94,100.66,273.95,173.29,86.65,5.00,45.00,-45.0,45.0,2.466
1761993970.815,5.066,4.460,1.830,87.94,97.58,273.95,176.37,88.19,5.00,45.00,-45.0,45.0,2.466
1761993970.836,5.088,4.460,1.830,87.94,94.51,273.95,179.44,89.72,5.00,45.00,-45.0,45.0,2.466
1761993970.857,5.109,4.460,1.830,87.94,93.20,273.95,-179.24,-89.62,-5.00,-45.00,45.0,-45.0,2.466
1761993970.881,5.133,4.460,1.830,66.69,89.28,273.95,-175.33,-87.67,5.00,-45.00,45.0,-45.0,2.466
1761993970.902,5.154,4.460,1.830,66.69,85.31,273.95,-171.35,-85.68,5.00,-45.00,45.0,-45.0,2.466
1761993970.924,5.175,4.420,2.000,66.69,81.31,270.00,-171.31,-85.65,0.12,-45.00,45.0,-45.0,2.420
1761993970.945,5.196,4.420,2.000,66.69,77.32,270.00,-167.32,-83.66,5.00,-45.00,45.0,-45.0,2.420
1761993970.968,5.219,4.420,2.000,66.69,74.63,270.00,-164.63,-82.31,5.00,-45.00,45.0,-45.0,2.420
1761993970.993,5.244,4.420,2.000,58.63,70.95,270.00,-160.95,-80.47,5.00,-45.00,45.0,-45.0,2.420
1761993971.014,5.266,4.420,2.000,58.63,67.29,270.00,-157.29,-78.64,5.00,-45.00,45.0,-45.0,2.420
1761993971.035,5.286,4.420,2.000,58.63,63.67,270.00,-153.67,-76.84,5.00,-45.00,45.0,-45.0,2.420
1761993971.055,5.307,4.420,2.000,58.63,62.66,270.00,-152.66,-76.33,2.45,-45.00,45.0,-45.0,2.420
1761993971.076,5.327,4.420,2.000,58.63,61.65,270.00,-151.65,-75.83,2.44,-45.00,45.0,-45.0,2.420
1761993971.097,5.348,4.420,2.000,67.47,61.75,270.00,-151.75,-75.88,-0.23,-45.00,45.0,-45.0,2.420
1761993971.119,5.370,4.420,2.000,67.47,61.85,270.00,-151.85,-75.92,-0.23,-45.00,45.0,-45.0,2.420
1761993971.139,5.391,4.380,1.950,67.47,61.95,271.20,-150.74,-75.37,2.67,-45.00,45.0,-45.0,2.381
1761993971.160,5.411,4.380,1.950,67.47,63.05,271.20,-151.85,-75.93,-2.68,-45.00,45.0,-45.0,2.381
1761993971.181,5.432,4.380,1.950,67.47,64.16,271.20,-152.96,-76.48,-2.60,-45.00,45.0,-45.0,2.381
1761993971.202,5.453,4.380,1.950,83.57,67.26,271.20,-156.05,-78.03,-5.00,-45.00,45.0,-45.0,2.381
1761993971.222,5.474,4.380,1.950,83.57,70.37,271.20,-159.17,-79.59,-5.00,-45.00,45.0,-45.0,2.381
1761993971.243,5.494,4.380,1.950,83.57,73.50,271.20,-162.29,-81.15,-5.00,-45.00,45.0,-45.0,2.381
1761993971.264,5.515,4.380,1.950,83.57,75.52,271.20,-164.32,-82.16,-4.91,-45.00,45.0,-45.0,2.381
1761993971.284,5.535,4.380,1.950,83.57,77.54,271.20,-166.34,-83.17,-4.90,-45.00,45.0,-45.0,2.381
1761993971.306,5.558,4.380,1.950,96.72,81.20,271.20,-169.99,-85.00,-5.00,-45.00,45.0,-45.0,2.381
1761993971.327,5.578,4.400,2.030,96.72,84.86,269.28,-175.57,-87.79,-5.00,-45.00,45.0,-45.0,2.400
1761993971.348,5.599,4.400,2.030,96.72,88.49,269.28,-179.21,-89.60,-5.00,-45.00,45.0,-45.0,2.400
1761993971.368,5.620,4.400,2.030,96.72,90.14,269.28,179.14,89.57,5.00,45.00,-45.0,45.0,2.400
1761993971.389,5.640,4.400,2.030,96.72,91.79,269.28,177.49,88.74,-4.01,45.00,-45.0,45.0,2.400
1761993971.411,5.662,4.400,2.030,114.53,95.64,269.28,173.65,86.82,-5.00,45.00,-45.0,45.0,2.400
1761993971.431,5.683,4.400,2.030,114.53,99.51,269.28,169.77,84.89,-5.00,45.00,-45.0,45.0,2.400
1761993971.452,5.703,4.400,2.030,114.53,103.38,269.28,165.90,82.95,-5.00,45.00,-45.0,45.0,2.400
1761993971.473,5.724,4.400,2.030,114.53,105.62,269.28,163.66,81.83,-5.00,45.00,-45.0,45.0,2.400
1761993971.493,5.744,4.400,2.030,114.53,107.87,269.28,161.42,80.71,-5.00,45.00,-45.0,45.0,2.400
1761993971.514,5.766,4.400,2.030,118.81,110.64,269.28,158.65,79.32,-5.00,45.00,-45.0,45.0,2.400
1761993971.535,5.786,4.400,2.070,118.81,113.40,268.33,154.93,77.47,-5.00,45.00,-45.0,45.0,2.401
1761993971.556,5.807,4.400,2.070,118.81,116.13,268.33,152.20,76.10,-5.00,45.00,-45.0,45.0,2.401
1761993971.576,5.827,4.400,2.070,118.81,116.67,268.33,151.66,75.83,-1.30,45.00,-45.0,45.0,2.401
1761993971.597,5.848,4.400,2.070,118.81,117.20,268.33,151.13,75.56,-1.30,45.00,-45.0,45.0,2.401
1761993971.618,5.869,4.400,2.070,109.31,116.55,268.33,151.78,75.89,1.52,45.00,-45.0,45.0,2.401
1761993971.639,5.890,4.400,2.070,109.31,115.90,268.33,152.43,76.21,1.58,45.00,-45.0,45.0,2.401
1761993971.660,5.911,4.400,2.070,109.31,115.25,268.33,153.08,76.54,1.56,45.00,-45.0,45.0,2.401
1761993971.680,5.931,4.400,2.070,109.31,114.06,268.33,154.27,77.14,2.89,45.00,-45.0,45.0,2.401
1761993971.701,5.952,4.400,2.070,109.31,112.87,268.33,155.46,77.73,2.89,45.00,-45.0,45.0,2.401
1761993971.721,5.973,4.390,2.050,103.57,110.96,268.80,157.84,78.92,5.00,45.00,-45.0,45.0,2.391
1761993971.744,5.995,4.390,2.050,103.57,109.06,268.80,159.75,79.87,4.23,45.00,-45.0,45.0,2.391
1761993971.765,6.016,4.390,2.050,103.57,107.16,268.80,161.65,80.82,4.61,45.00,-45.0,45.0,2.391
1761993971.785,6.036,4.390,2.050,103.57,106.44,268.80,162.36,81.18,1.74,45.00,-45.0,45.0,2.391
1761993971.806,6.057,4.390,2.050,103.57,105.72,268.80,163.08,81.54,1.75,45.00,-45.0,45.0,2.391
1761993971.826,6.077,4.390,2.050,83.42,102.52,268.80,166.28,83.14,5.00,45.00,-45.0,45.0,2.391
1761993971.847,6.098,4.390,2.050,83.42,99.29,268.80,169.51,84.76,5.00,45.00,-45.0,45.0,2.391
1761993971.867,6.119,4.390,2.050,83.42,96.04,268.80,172.77,86.38,5.00,45.00,-45.0,45.0,2.391
1761993971.888,6.139,4.390,2.050,83.42,93.49,268.80,175.31,87.65,5.00,45.00,-45.0,45.0,2.391
1761993971.909,6.160,4.390,2.050,83.42,90.95,268.80,177.85,88.93,5.00,45.00,-45.0,45.0,2.391
1761993971.929,6.181,4.390,2.050,63.42,85.96,268.80,-177.16,-88.58,-5.00,-45.00,45.0,-45.0,2.391
1761993971.950,6.201,4.420,1.860,63.42,80.93,273.31,-167.62,-83.81,5.00,-45.00,45.0,-45.0,2.424
1761993971.971,6.222,4.420,1.860,63.42,75.94,273.31,-162.63,-81.32,5.00,-45.00,45.0,-45.0,2.424
1761993971.991,6.243,4.420,1.860,63.42,73.42,273.31,-160.11,-80.05,5.00,-45.00,45.0,-45.0,2.424
1761993972.012,6.263,4.420,1.860,63.42,70.90,273.31,-157.59,-78.79,5.00,-45.00,45.0,-45.0,2.424
1761993972.033,6.284,4.420,1.860,53.51,67.14,273.31,-153.83,-76.92,5.00,-45.00,45.0,-45.0,2.424
1761993972.053,6.304,4.420,1.860,53.51,63.40,273.31,-150.09,-75.05,5.00,-45.00,45.0,-45.0,2.424
1761993972.074,6.325,4.420,1.860,53.51,59.71,273.31,-146.40,-73.20,5.00,-45.00,45.0,-45.0,2.424
1761993972.094,6.346,4.420,1.860,53.51,58.46,273.31,-145.15,-72.58,3.02,-45.00,45.0,-45.0,2.424
1761993972.115,6.366,4.420,1.860,53.51,57.22,273.31,-143.91,-71.96,3.02,-45.00,45.0,-45.0,2.424
1761993972.136,6.387,4.370,1.960,59.38,56.72,270.97,-145.75,-72.87,-4.42,-45.00,45.0,-45.0,2.370
1761993972.156,6.408,4.370,1.960,59.38,56.21,270.97,-145.24,-72.62,1.22,-45.00,45.0,-45.0,2.370
1761993972.177,6.428,4.370,1.960,59.38,55.71,270.97,-144.74,-72.37,1.23,-45.00,45.0,-45.0,2.370
1761993972.198,6.449,4.370,1.960,59.38,56.44,270.97,-145.47,-72.74,-1.79,-45.00,45.0,-45.0,2.370
1761993972.218,6.469,4.370,1.960,59.38,57.18,270.97,-146.21,-73.10,-1.78,-45.00,45.0,-45.0,2.370
1761993972.239,6.490,4.370,1.960,67.07,58.87,270.97,-147.90,-73.95,-4.10,-45.00,45.0,-45.0,2.370
1761993972.259,6.511,4.370,1.960,67.07,60.56,270.97,-149.60,-74.80,-4.11,-45.00,45.0,-45.0,2.370
1761993972.280,6.531,4.370,1.960,67.07,62.26,270.97,-151.29,-75.65,-4.10,-45.00,45.0,-45.0,2.370
1761993972.301,6.552,4.370,1.960,67.07,63.22,270.97,-152.25,-76.13,-2.34,-45.00,45.0,-45.0,2.370
1761993972.321,6.572,4.340,2.060,67.07,64.18,268.53,-155.65,-77.83,-5.00,-45.00,45.0,-45.0,2.341
1761993972.342,6.593,4.340,2.060,87.15,67.61,268.53,-159.08,-79.54,-5.00,-45.00,45.0,-45.0,2.341
1761993972.362,6.614,4.340,2.060,87.15,71.08,268.53,-162.55,-81.28,-5.00,-45.00,45.0,-45.0,2.341
1761993972.384,6.635,4.340,2.060,87.15,74.57,268.53,-166.04,-83.02,-5.00,-45.00,45.0,-45.0,2.341
1761993972.404,6.655,4.340,2.060,87.15,77.11,268.53,-168.57,-84.29,-5.00,-45.00,45.0,-45.0,2.341
1761993972.425,6.676,4.340,2.060,87.15,79.64,268.53,-171.11,-85.55,-5.00,-45.00,45.0,-45.0,2.341
1761993972.445,6.697,4.340,2.060,95.80,83.25,268.53,-174.71,-87.36,-5.00,-45.00,45.0,-45.0,2.341
1761993972.466,6.717,4.340,2.060,95.80,86.84,268.53,-178.31,-89.15,-5.00,-45.00,45.0,-45.0,2.341
1761993972.487,6.738,4.340,2.060,95.80,90.39,268.53,178.14,89.07,5.00,45.00,-45.0,45.0,2.341
1761993972.508,6.759,4.340,2.060,95.80,91.47,268.53,177.06,88.53,-2.52,45.00,-45.0,45.0,2.341
1761993972.530,6.781,4.410,1.990,95.80,92.55,270.24,177.68,88.84,1.44,45.00,-45.0,45.0,2.410
1761993972.550,6.802,4.410,1.990,116.11,96.13,270.24,174.11,87.05,-5.00,45.00,-45.0,45.0,2.410
1761993972.571,6.822,4.410,1.990,116.11,99.75,270.24,170.48,85.24,-5.00,45.00,-45.0,45.0,2.410
1761993972.592,6.843,4.410,1.990,116.11,103.39,270.24,166.85,83.42,-5.00,45.00,-45.0,45.0,2.410
1761993972.613,6.864,4.410,1.990,116.11,105.95,270.24,164.29,82.14,-5.00,45.00,-45.0,45.0,2.410
1761993972.634,6.885,4.410,1.990,116.11,108.52,270.24,161.72,80.86,-5.00,45.00,-45.0,45.0,2.410
1761993972.654,6.905,4.410,1.990,116.11,111.07,270.24,159.17,79.58,-5.00,45.00,-45.0,45.0,2.410
1761993972.675,6.926,4.410,1.990,116.11,113.60,270.24,156.63,78.32,-5.00,45.00,-45.0,45.0,2.410
1761993972.695,6.947,4.410,1.990,116.11,116.11,270.24,154.13,77.06,-5.00,45.00,-45.0,45.0,2.410
1761993972.716,6.967,4.410,1.990,116.11,116.11,270.24,154.13,77.06,0.00,45.00,-45.0,45.0,2.410
1761993972.737,6.988,4.420,2.050,116.11,116.11,268.82,152.71,76.35,-3.44,45.00,-45.0,45.0,2.421
1761993972.758,7.009,4.420,2.050,109.57,115.29,268.82,153.52,76.76,1.92,45.00,-45.0,45.0,2.421
1761993972.778,7.030,4.420,2.050,109.57,114.48,268.82,154.34,77.17,1.99,45.00,-45.0,45.0,2.421
1761993972.800,7.051,4.420,2.050,109.57,113.66,268.82,155.16,77.58,1.93,45.00,-45.0,45.0,2.421
1761993972.821,7.072,4.420,2.050,109.57,112.84,268.82,155.98,77.99,1.96,45.00,-45.0,45.0,2.421
1761993972.841,7.093,4.420,2.050,109.57,112.02,268.82,156.79,78.40,1.97,45.00,-45.0,45.0,2.421
1761993972.862,7.113,4.420,2.050,93.24,109.19,268.82,159.63,79.82,5.00,45.00,-45.0,45.0,2.421
1761993972.883,7.134,4.420,2.050,93.24,106.33,268.82,162.49,81.24,5.00,45.00,-45.0,45.0,2.421
1761993972.903,7.155,4.420,2.050,93.24,103.46,268.82,165.36,82.68,5.00,45.00,-45.0,45.0,2.421
1761993972.924,7.175,4.400,1.990,93.24,101.41,270.24,168.83,84.42,5.00,45.00,-45.0,45.0,2.400
1761993972.945,7.196,4.400,1.990,93.24,99.35,270.24,170.89,85.44,4.99,45.00,-45.0,45.0,2.400
1761993972.965,7.216,4.400,1.990,82.70,95.99,270.24,174.25,87.12,5.00,45.00,-45.0,45.0,2.400
1761993972.987,7.238,4.400,1.990,82.70,92.63,270.24,177.61,88.81,5.00,45.00,-45.0,45.0,2.400
1761993973.008,7.259,4.400,1.990,82.70,89.29,270.24,-179.05,-89.53,-5.00,-45.00,45.0,-45.0,2.400
1761993973.029,7.280,4.400,1.990,82.70,87.97,270.24,-177.73,-88.87,3.21,-45.00,45.0,-45.0,2.400
1761993973.049,7.300,4.400,1.990,82.70,86.65,270.24,-176.41,-88.21,3.21,-45.00,45.0,-45.0,2.400
1761993973.070,7.321,4.400,1.990,64.92,83.14,270.24,-172.90,-86.45,5.00,-45.00,45.0,-45.0,2.400
1761993973.090,7.342,4.400,1.990,64.92,79.60,270.24,-169.36,-84.68,5.00,-45.00,45.0,-45.0,2.400
1761993973.111,7.362,4.400,1.990,64.92,76.05,270.24,-165.81,-82.91,5.00,-45.00,45.0,-45.0,2.400
1761993973.132,7.383,4.390,2.000,64.92,73.81,270.00,-163.81,-81.91,4.83,-45.00,45.0,-45.0,2.390
1761993973.153,7.404,4.390,2.000,64.92,71.57,270.00,-161.57,-80.79,5.00,-45.00,45.0,-45.0,2.390
1761993973.174,7.425,4.390,2.000,59.38,68.65,270.00,-158.65,-79.32,5.00,-45.00,45.0,-45.0,2.390
1761993973.194,7.446,4.390,2.000,59.38,65.73,270.00,-155.73,-77.87,5.00,-45.00,45.0,-45.0,2.390
1761993973.215,7.466,4.390,2.000,59.38,62.84,270.00,-152.84,-76.42,5.00,-45.00,45.0,-45.0,2.390
1761993973.235,7.487,4.390,2.000,59.38,62.15,270.00,-152.15,-76.07,1.69,-45.00,45.0,-45.0,2.390
1761993973.256,7.507,4.390,2.000,59.38,61.46,270.00,-151.46,-75.73,1.68,-45.00,45.0,-45.0,2.390
1761993973.277,7.528,4.390,2.000,73.17,62.48,270.00,-152.48,-76.24,-2.48,-45.00,45.0,-45.0,2.390
1761993973.297,7.549,4.390,2.000,73.17,63.51,270.00,-153.51,-76.75,-2.50,-45.00,45.0,-45.0,2.390
1761993973.318,7.569,4.330,2.080,73.17,64.54,268.03,-156.51,-78.25,-5.00,-45.00,45.0,-45.0,2.331
1761993973.339,7.590,4.330,2.080,73.17,66.27,268.03,-158.24,-79.12,-4.20,-45.00,45.0,-45.0,2.331
1761993973.360,7.611,4.330,2.080,73.17,68.01,268.03,-159.97,-79.99,-4.04,-45.00,45.0,-45.0,2.331
1761993973.381,7.632,4.330,2.080,93.23,72.20,268.03,-164.16,-82.08,-5.00,-45.00,45.0,-45.0,2.331
1761993973.402,7.653,4.330,2.080,93.23,76.43,268.03,-168.40,-84.20,-5.00,-45.00,45.0,-45.0,2.331
1761993973.423,7.674,4.330,2.080,93.23,80.67,268.03,-172.63,-86.32,-5.00,-45.00,45.0,-45.0,2.331
1761993973.443,7.694,4.330,2.080,93.23,83.20,268.03,-175.16,-87.58,-5.00,-45.00,45.0,-45.0,2.331
1761993973.464,7.715,4.330,2.080,93.23,85.73,268.03,-177.70,-88.85,-5.00,-45.00,45.0,-45.0,2.331
1761993973.485,7.736,4.330,2.080,102.89,89.46,268.03,178.58,89.29,5.00,45.00,-45.0,45.0,2.331
1761993973.505,7.757,4.330,2.080,102.89,93.17,268.03,174.86,87.43,-5.00,45.00,-45.0,45.0,2.331
1761993973.526,7.777,4.370,1.930,102.89,96.85,271.69,174.84,87.42,-0.04,45.00,-45.0,45.0,2.371
1761993973.547,7.798,4.370,1.930,102.89,98.06,271.69,173.63,86.82,-2.95,45.00,-45.0,45.0,2.371
1761993973.567,7.818,4.370,1.930,102.89,99.27,271.69,172.42,86.21,-2.94,45.00,-45.0,45.0,2.371
1761993973.589,7.840,4.370,1.930,119.57,102.54,271.69,169.15,84.58,-5.00,45.00,-45.0,45.0,2.371
1761993973.609,7.861,4.370,1.930,119.57,105.83,271.69,165.86,82.93,-5.00,45.00,-45.0,45.0,2.371
1761993973.630,7.881,4.370,1.930,119.57,109.13,271.69,162.56,81.28,-5.00,45.00,-45.0,45.0,2.371
1761993973.650,7.902,4.370,1.930,119.57,111.23,271.69,160.46,80.23,-5.00,45.00,-45.0,45.0,2.371
1761993973.671,7.922,4.370,1.930,119.57,113.33,271.69,158.36,79.18,-5.00,45.00,-45.0,45.0,2.371
1761993973.692,7.943,4.370,1.930,112.91,114.58,271.69,157.11,78.56,-3.05,45.00,-45.0,45.0,2.371
1761993973.713,7.964,4.370,1.930,112.91,115.83,271.69,155.86,77.93,-2.90,45.00,-45.0,45.0,2.371
1761993973.735,7.986,4.420,1.940,112.91,117.07,271.42,154.35,77.18,-3.53,45.00,-45.0,45.0,2.421
1761993973.758,8.009,4.420,1.940,112.91,116.24,271.42,155.18,77.59,1.81,45.00,-45.0,45.0,2.421
1761993973.779,8.030,4.420,1.940,112.91,115.40,271.42,156.02,78.01,1.96,45.00,-45.0,45.0,2.421
1761993973.799,8.051,4.420,1.940,98.45,112.78,271.42,158.64,79.32,5.00,45.00,-45.0,45.0,2.421
1761993973.820,8.071,4.420,1.940,98.45,110.14,271.42,161.28,80.64,5.00,45.00,-45.0,45.0,2.421
1761993973.841,8.092,4.420,1.940,98.45,107.49,271.42,163.93,81.96,5.00,45.00,-45.0,45.0,2.421
1761993973.861,8.112,4.420,1.940,98.45,105.68,271.42,165.74,82.87,4.41,45.00,-45.0,45.0,2.421
1761993973.882,8.133,4.420,1.940,98.45,103.86,271.42,167.56,83.78,4.39,45.00,-45.0,45.0,2.421
1761993973.902,8.154,4.420,1.940,92.37,101.29,271.42,170.13,85.06,5.00,45.00,-45.0,45.0,2.421
1761993973.923,8.174,4.450,1.920,92.37,98.72,271.87,173.15,86.57,5.00,45.00,-45.0,45.0,2.451
1761993973.944,8.195,4.450,1.920,92.37,96.17,271.87,175.70,87.85,5.00,45.00,-45.0,45.0,2.451
1761993973.964,8.215,4.450,1.920,92.37,95.41,271.87,176.46,88.23,1.85,45.00,-45.0,45.0,2.451
1761993973.985,8.236,4.450,1.920,92.37,94.65,271.87,177.22,88.61,1.85,45.00,-45.0,45.0,2.451
1761993974.005,8.257,4.450,1.920,69.95,91.14,271.87,-179.27,-89.64,-5.00,-45.00,45.0,-45.0,2.451
1761993974.027,8.278,4.450,1.920,69.95,87.58,271.87,-175.71,-87.86,5.00,-45.00,45.0,-45.0,2.451
1761993974.048,8.299,4.450,1.920,69.95,84.00,271.87,-172.12,-86.06,5.00,-45.00,45.0,-45.0,2.451
1761993974.068,8.319,4.450,1.920,69.95,81.16,271.87,-169.29,-84.64,5.00,-45.00,45.0,-45.0,2.451
1761993974.089,8.340,4.450,1.920,69.95,78.32,271.87,-166.45,-83.23,5.00,-45.00,45.0,-45.0,2.451
1761993974.110,8.361,4.450,1.920,58.31,74.05,271.87,-162.18,-81.09,5.00,-45.00,45.0,-45.0,2.451
1761993974.130,8.381,4.340,1.980,58.31,69.79,270.49,-159.30,-79.65,5.00,-45.00,45.0,-45.0,2.340
1761993974.151,8.402,4.340,1.980,58.31,65.59,270.49,-155.10,-77.55,5.00,-45.00,45.0,-45.0,2.340
1761993974.171,8.423,4.340,1.980,58.31,64.13,270.49,-153.64,-76.82,3.55,-45.00,45.0,-45.0,2.340
1761993974.192,8.443,4.340,1.980,58.31,62.67,270.49,-152.18,-76.09,3.55,-45.00,45.0,-45.0,2.340
1761993974.212,8.464,4.340,1.980,57.37,61.10,270.49,-150.61,-75.30,3.83,-45.00,45.0,-45.0,2.340
1761993974.233,8.484,4.340,1.980,57.37,59.52,270.49,-149.03,-74.52,3.82,-45.00,45.0,-45.0,2.340
1761993974.254,8.505,4.340,1.980,57.37,57.96,270.49,-147.47,-73.73,3.81,-45.00,45.0,-45.0,2.340
1761993974.274,8.525,4.340,1.980,57.37,57.84,270.49,-147.35,-73.68,0.29,-45.00,45.0,-45.0,2.340
1761993974.295,8.546,4.340,1.980,57.37,57.72,270.49,-147.23,-73.62,0.28,-45.00,45.0,-45.0,2.340
1761993974.316,8.567,4.340,1.980,77.14,60.05,270.49,-149.56,-74.78,-5.00,-45.00,45.0,-45.0,2.340
1761993974.336,8.588,4.310,1.980,77.14,62.39,270.50,-151.90,-75.95,-5.00,-45.00,45.0,-45.0,2.310
1761993974.358,8.609,4.310,1.980,77.14,64.76,270.50,-154.26,-77.13,-5.00,-45.00,45.0,-45.0,2.310
1761993974.379,8.630,4.310,1.980,77.14,67.25,270.50,-156.76,-78.38,-5.00,-45.00,45.0,-45.0,2.310
1761993974.400,8.651,4.310,1.980,77.14,69.75,270.50,-159.25,-79.63,-5.00,-45.00,45.0,-45.0,2.310
1761993974.420,8.672,4.310,1.980,90.62,73.91,270.50,-163.41,-81.71,-5.00,-45.00,45.0,-45.0,2.310
1761993974.441,8.692,4.310,1.980,90.62,78.07,270.50,-167.57,-83.79,-5.00,-45.00,45.0,-45.0,2.310
1761993974.462,8.713,4.310,1.980,90.62,82.19,270.50,-171.69,-85.85,-5.00,-45.00,45.0,-45.0,2.310
1761993974.482,8.733,4.310,1.980,90.62,83.88,270.50,-173.38,-86.69,-4.11,-45.00,45.0,-45.0,2.310
1761993974.503,8.754,4.310,1.980,90.62,85.57,270.50,-175.08,-87.54,-4.11,-45.00,45.0,-45.0,2.310
1761993974.523,8.775,4.410,1.860,110.12,89.66,273.32,-176.34,-88.17,-3.05,-45.00,45.0,-45.0,2.414
1761993974.544,8.795,4.410,1.860,110.12,93.79,273.32,179.54,89.77,5.00,45.00,-45.0,45.0,2.414
1761993974.565,8.816,4.410,1.860,110.12,97.91,273.32,175.41,87.71,-5.00,45.00,-45.0,45.0,2.414
1761993974.586,8.837,4.410,1.860,110.12,100.37,273.32,172.95,86.48,-5.00,45.00,-45.0,45.0,2.414
1761993974.607,8.859,4.410,1.860,110.12,102.83,273.32,170.49,85.25,-5.00,45.00,-45.0,45.0,2.414
1761993974.628,8.879,4.410,1.860,120.41,106.57,273.32,166.76,83.38,-5.00,45.00,-45.0,45.0,2.414
1761993974.649,8.900,4.410,1.860,120.41,110.29,273.32,163.03,81.52,-5.00,45.00,-45.0,45.0,2.414
1761993974.669,8.920,4.410,1.860,120.41,113.98,273.32,159.35,79.67,-5.00,45.00,-45.0,45.0,2.414
1761993974.690,8.941,4.410,1.860,120.41,115.27,273.32,158.06,79.03,-3.13,45.00,-45.0,45.0,2.414
1761993974.711,8.962,4.410,1.860,120.41,116.56,273.32,156.77,78.38,-3.11,45.00,-45.0,45.0,2.414
1761993974.732,8.983,4.460,2.060,123.13,118.19,268.60,150.42,75.21,-5.00,45.00,-45.0,45.0,2.461
1761993974.753,9.004,4.460,2.060,123.13,119.81,268.60,148.79,74.40,-3.86,45.00,-45.0,45.0,2.461
1761993974.774,9.025,4.460,2.060,123.13,121.43,268.60,147.17,73.58,-3.94,45.00,-45.0,45.0,2.461
1761993974.795,9.046,4.460,2.060,123.13,121.77,268.60,146.83,73.42,-0.79,45.00,-45.0,45.0,2.461
1761993974.816,9.067,4.460,2.060,123.13,122.11,268.60,146.49,73.25,-0.83,45.00,-45.0,45.0,2.461
1761993974.836,9.088,4.460,2.060,115.32,121.48,268.60,147.13,73.56,1.54,45.00,-45.0,45.0,2.461
1761993974.857,9.108,4.460,2.060,115.32,120.84,268.60,147.76,73.88,1.54,45.00,-45.0,45.0,2.461
1761993974.878,9.129,4.460,2.060,115.32,120.20,268.60,148.40,74.20,1.55,45.00,-45.0,45.0,2.461
1761993974.898,9.149,4.460,2.060,115.32,119.23,268.60,149.38,74.69,2.38,45.00,-45.0,45.0,2.461
1761993974.919,9.170,4.400,2.090,115.32,118.25,267.85,149.60,74.80,0.55,45.00,-45.0,45.0,2.402
1761993974.939,9.190,4.400,2.090,100.05,115.38,267.85,152.47,76.24,5.00,45.00,-45.0,45.0,2.402
1761993974.960,9.211,4.400,2.090,100.05,112.50,267.85,155.36,77.68,5.00,45.00,-45.0,45.0,2.402
1761993974.981,9.232,4.400,2.090,100.05,109.60,267.85,158.25,79.12,5.00,45.00,-45.0,45.0,2.402
1761993975.002,9.253,4.400,2.090,100.05,107.68,267.85,160.17,80.08,4.54,45.00,-45.0,45.0,2.402
1761993975.023,9.274,4.400,2.090,100.05,105.76,267.85,162.09,81.04,4.66,45.00,-45.0,45.0,2.402
1761993975.043,9.295,4.400,2.090,79.94,101.38,267.85,166.47,83.24,5.00,45.00,-45.0,45.0,2.402
1761993975.064,9.315,4.400,2.090,79.94,96.95,267.85,170.90,85.45,5.00,45.00,-45.0,45.0,2.402
1761993975.085,9.336,4.400,2.090,79.94,92.53,267.85,175.32,87.66,5.00,45.00,-45.0,45.0,2.402
1761993975.106,9.357,4.400,2.090,79.94,89.99,267.85,177.86,88.93,5.00,45.00,-45.0,45.0,2.402
1761993975.127,9.378,4.420,2.000,79.94,87.45,270.00,-177.45,-88.73,-5.00,-45.00,45.0,-45.0,2.420
1761993975.147,9.399,4.420,2.000,65.45,83.13,270.00,-173.13,-86.56,5.00,-45.00,45.0,-45.0,2.420
1761993975.169,9.420,4.420,2.000,65.45,78.80,270.00,-168.80,-84.40,5.00,-45.00,45.0,-45.0,2.420
1761993975.190,9.441,4.420,2.000,65.45,74.51,270.00,-164.51,-82.26,5.00,-45.00,45.0,-45.0,2.420
1761993975.211,9.462,4.420,2.000,65.45,72.69,270.00,-162.69,-81.35,4.42,-45.00,45.0,-45.0,2.420
1761993975.231,9.482,4.420,2.000,65.45,70.87,270.00,-160.87,-80.44,4.43,-45.00,45.0,-45.0,2.420
1761993975.252,9.503,4.420,2.000,52.20,67.41,270.00,-157.41,-78.71,5.00,-45.00,45.0,-45.0,2.420
1761993975.272,9.524,4.420,2.000,52.20,63.94,270.00,-153.94,-76.97,5.00,-45.00,45.0,-45.0,2.420
1761993975.293,9.545,4.420,2.000,52.20,60.49,270.00,-150.49,-75.24,5.00,-45.00,45.0,-45.0,2.420
1761993975.315,9.566,4.420,2.000,52.20,58.83,270.00,-148.83,-74.41,3.81,-45.00,45.0,-45.0,2.420
1761993975.336,9.587,4.340,2.070,52.20,57.16,268.29,-148.88,-74.44,-0.12,-45.00,45.0,-45.0,2.341
1761993975.357,9.609,4.340,2.070,55.38,55.90,268.29,-147.61,-73.81,2.94,-45.00,45.0,-45.0,2.341
1761993975.378,9.629,4.340,2.070,55.38,54.64,268.29,-146.36,-73.18,3.06,-45.00,45.0,-45.0,2.341
1761993975.398,9.650,4.340,2.070,55.38,53.39,268.29,-145.11,-72.55,3.04,-45.00,45.0,-45.0,2.341
1761993975.419,9.670,4.340,2.070,55.38,53.79,268.29,-145.50,-72.75,-0.97,-45.00,45.0,-45.0,2.341
1761993975.440,9.691,4.340,2.070,55.38,54.19,268.29,-145.90,-72.95,-0.96,-45.00,45.0,-45.0,2.341
1761993975.460,9.711,4.340,2.070,74.32,56.92,268.29,-148.63,-74.32,-5.00,-45.00,45.0,-45.0,2.341
1761993975.481,9.732,4.340,2.070,74.32,59.68,268.29,-151.40,-75.70,-5.00,-45.00,45.0,-45.0,2.341
1761993975.502,9.753,4.340,2.070,74.32,62.46,268.29,-154.18,-77.09,-5.00,-45.00,45.0,-45.0,2.341
1761993975.523,9.775,4.340,2.070,74.32,64.85,268.29,-156.56,-78.28,-5.00,-45.00,45.0,-45.0,2.341
1761993975.545,9.797,4.350,1.960,74.32,67.24,270.98,-156.26,-78.13,0.68,-45.00,45.0,-45.0,2.350
1761993975.566,9.817,4.350,1.960,83.57,70.77,270.98,-159.80,-79.90,-5.00,-45.00,45.0,-45.0,2.350
1761993975.587,9.838,4.350,1.960,83.57,74.30,270.98,-163.32,-81.66,-5.00,-45.00,45.0,-45.0,2.350
1761993975.608,9.859,4.350,1.960,83.57,77.79,270.98,-166.81,-83.41,-5.00,-45.00,45.0,-45.0,2.350
1761993975.629,9.880,4.350,1.960,83.57,78.94,270.98,-167.97,-83.98,-2.73,-45.00,45.0,-45.0,2.350
1761993975.650,9.901,4.350,1.960,83.57,80.10,270.98,-169.13,-84.56,-2.74,-45.00,45.0,-45.0,2.350
1761993975.675,9.926,4.350,1.960,103.93,83.76,270.98,-172.78,-86.39,-5.00,-45.00,45.0,-45.0,2.350
1761993975.696,9.947,4.350,1.960,103.93,87.46,270.98,-176.49,-88.24,-5.00,-45.00,45.0,-45.0,2.350
1761993975.717,9.968,4.350,1.960,103.93,91.18,270.98,179.80,89.90,5.00,45.00,-45.0,45.0,2.350
1761993975.739,9.990,4.370,2.050,103.93,93.75,268.79,175.04,87.52,-5.00,45.00,-45.0,45.0,2.371
1761993975.760,10.011,4.370,2.050,126.00,99.00,268.79,169.79,84.90,-5.00,45.00,-45.0,45.0,2.371
1761993975.781,10.032,4.370,2.050,126.00,104.34,268.79,164.45,82.22,-5.00,45.00,-45.0,45.0,2.371
1761993975.801,10.052,4.370,2.050,126.00,109.70,268.79,159.09,79.55,-5.00,45.00,-45.0,45.0,2.371
1761993975.822,10.073,4.370,2.050,126.00,114.97,268.79,153.82,76.91,-5.00,45.00,-45.0,45.0,2.371
1761993975.842,10.094,4.370,2.050,126.00,117.76,268.79,151.03,75.52,-5.00,45.00,-45.0,45.0,2.371
1761993975.863,10.114,4.370,2.050,124.85,120.39,268.79,148.40,74.20,-5.00,45.00,-45.0,45.0,2.371
1761993975.884,10.135,4.370,2.050,124.85,123.00,268.79,145.79,72.90,-5.00,45.00,-45.0,45.0,2.371
1761993975.905,10.157,4.370,2.050,124.85,125.57,268.79,143.22,71.61,-5.00,45.00,-45.0,45.0,2.371
1761993975.926,10.177,4.450,2.030,124.85,125.42,269.30,143.87,71.94,1.57,45.00,-45.0,45.0,2.450
1761993975.947,10.198,4.450,2.030,124.85,125.28,269.30,144.02,72.01,0.35,45.00,-45.0,45.0,2.450
1761993975.967,10.219,4.450,2.030,113.72,123.75,269.30,145.55,72.77,3.70,45.00,-45.0,45.0,2.450
1761993975.988,10.239,4.450,2.030,113.72,122.22,269.30,147.08,73.54,3.70,45.00,-45.0,45.0,2.450
1761993976.009,10.261,4.450,2.030,113.72,120.68,269.30,148.62,74.31,3.62,45.00,-45.0,45.0,2.450
1761993976.030,10.281,4.450,2.030,113.72,119.28,269.30,150.02,75.01,3.35,45.00,-45.0,45.0,2.450
1761993976.051,10.302,4.450,2.030,113.72,117.89,269.30,151.41,75.71,3.39,45.00,-45.0,45.0,2.450
1761993976.071,10.323,4.450,2.030,106.28,115.57,269.30,153.73,76.87,5.00,45.00,-45.0,45.0,2.450
1761993976.092,10.343,4.450,2.030,106.28,113.25,269.30,156.05,78.03,5.00,45.00,-45.0,45.0,2.450
1761993976.113,10.364,4.450,2.030,106.28,110.93,269.30,158.37,79.18,5.00,45.00,-45.0,45.0,2.450
1761993976.133,10.385,4.450,2.150,106.28,110.00,266.50,156.50,78.25,-4.49,45.00,-45.0,45.0,2.455
1761993976.154,10.405,4.450,2.150,106.28,109.07,266.50,157.43,78.71,2.27,45.00,-45.0,45.0,2.455
1761993976.175,10.426,4.450,2.150,86.18,105.67,266.50,160.83,80.41,5.00,45.00,-45.0,45.0,2.455
1761993976.195,10.446,4.450,2.150,86.18,102.23,266.50,164.27,82.14,5.00,45.00,-45.0,45.0,2.455
1761993976.216,10.467,4.450,2.150,86.18,98.77,266.50,167.73,83.86,5.00,45.00,-45.0,45.0,2.455
1761993976.236,10.488,4.450,2.150,86.18,96.23,266.50,170.27,85.13,5.00,45.00,-45.0,45.0,2.455
1761993976.257,10.508,4.450,2.150,86.18,93.69,266.50,172.80,86.40,5.00,45.00,-45.0,45.0,2.455
1761993976.278,10.529,4.450,2.150,77.14,90.04,266.50,176.46,88.23,5.00,45.00,-45.0,45.0,2.455
1761993976.298,10.549,4.450,2.150,77.14,86.39,266.50,-179.90,-89.95,-5.00,-45.00,45.0,-45.0,2.455
1761993976.319,10.570,4.450,2.150,77.14,82.79,266.50,-176.30,-88.15,5.00,-45.00,45.0,-45.0,2.455
1761993976.340,10.591,4.370,2.000,77.14,81.66,270.00,-171.66,-85.83,5.00,-45.00,45.0,-45.0,2.370
1761993976.361,10.612,4.370,2.000,77.14,80.53,270.00,-170.53,-85.26,2.74,-45.00,45.0,-45.0,2.370
1761993976.382,10.633,4.370,2.000,54.68,76.65,270.00,-166.65,-83.32,5.00,-45.00,45.0,-45.0,2.370
1761993976.403,10.654,4.370,2.000,54.68,72.71,270.00,-162.71,-81.36,5.00,-45.00,45.0,-45.0,2.370
1761993976.423,10.674,4.370,2.000,54.68,68.75,270.00,-158.75,-79.38,5.00,-45.00,45.0,-45.0,2.370
1761993976.444,10.695,4.370,2.000,54.68,65.91,270.00,-155.91,-77.96,5.00,-45.00,45.0,-45.0,2.370
1761993976.464,10.716,4.370,2.000,54.68,63.07,270.00,-153.07,-76.53,5.00,-45.00,45.0,-45.0,2.370
1761993976.485,10.736,4.370,2.000,61.13,61.06,270.00,-151.06,-75.53,4.89,-45.00,45.0,-45.0,2.370
1761993976.506,10.757,4.370,2.000,61.13,59.06,270.00,-149.06,-74.53,4.85,-45.00,45.0,-45.0,2.370
1761993976.527,10.778,4.370,2.000,61.13,57.10,270.00,-147.10,-73.55,4.60,-45.00,45.0,-45.0,2.370
1761993976.548,10.800,4.320,2.020,61.13,57.90,269.51,-148.40,-74.20,-3.03,-45.00,45.0,-45.0,2.320
1761993976.569,10.820,4.320,2.020,61.13,58.71,269.51,-149.20,-74.60,-1.96,-45.00,45.0,-45.0,2.320
1761993976.590,10.842,4.320,2.020,71.15,60.76,269.51,-151.26,-75.63,-4.82,-45.00,45.0,-45.0,2.320
1761993976.612,10.863,4.320,2.020,71.15,62.82,269.51,-153.32,-76.66,-4.84,-45.00,45.0,-45.0,2.320
1761993976.632,10.883,4.320,2.020,71.15,64.88,269.51,-155.38,-77.69,-5.00,-45.00,45.0,-45.0,2.320
1761993976.653,10.904,4.320,2.020,71.15,66.14,269.51,-156.63,-78.32,-3.04,-45.00,45.0,-45.0,2.320
1761993976.673,10.925,4.320,2.020,71.15,67.40,269.51,-157.89,-78.94,-3.05,-45.00,45.0,-45.0,2.320
1761993976.695,10.946,4.320,2.020,88.82,70.83,269.51,-161.32,-80.66,-5.00,-45.00,45.0,-45.0,2.320
1761993976.716,10.967,4.320,2.020,88.82,74.29,269.51,-164.79,-82.39,-5.00,-45.00,45.0,-45.0,2.320
1761993976.737,10.989,4.390,1.940,88.82,77.76,271.44,-166.32,-83.16,-3.57,-45.00,45.0,-45.0,2.391
1761993976.759,11.010,4.390,1.940,88.82,79.99,271.44,-168.55,-84.27,-5.00,-45.00,45.0,-45.0,2.391
1761993976.779,11.030,4.390,1.940,88.82,82.21,271.44,-170.77,-85.39,-5.00,-45.00,45.0,-45.0,2.391
1761993976.800,11.051,4.390,1.940,96.79,85.43,271.44,-173.99,-86.99,-5.00,-45.00,45.0,-45.0,2.391
1761993976.821,11.072,4.390,1.940,96.79,88.63,271.44,-177.20,-88.60,-5.00,-45.00,45.0,-45.0,2.391
1761993976.841,11.093,4.390,1.940,96.79,91.81,271.44,179.63,89.81,5.00,45.00,-45.0,45.0,2.391
1761993976.862,11.113,4.390,1.940,96.79,92.81,271.44,178.63,89.32,-2.42,45.00,-45.0,45.0,2.391
1761993976.883,11.134,4.390,1.940,96.79,93.81,271.44,177.63,88.82,-2.42,45.00,-45.0,45.0,2.391
1761993976.903,11.155,4.390,1.940,118.04,97.41,271.44,174.03,87.01,-5.00,45.00,-45.0,45.0,2.391
1761993976.924,11.175,4.390,1.940,118.04,101.06,271.44,170.38,85.19,-5.00,45.00,-45.0,45.0,2.391
1761993976.945,11.197,4.390,2.010,118.04,104.73,269.76,165.03,82.51,-5.00,45.00,-45.0,45.0,2.390
1761993976.967,11.218,4.390,2.010,118.04,107.42,269.76,162.34,81.17,-5.00,45.00,-45.0,45.0,2.390
1761993976.990,11.241,4.390,2.010,118.04,110.10,269.76,159.66,79.83,-5.00,45.00,-45.0,45.0,2.390
1761993977.011,11.262,4.390,2.010,119.22,112.93,269.76,156.84,78.42,-5.00,45.00,-45.0,45.0,2.390
1761993977.032,11.283,4.390,2.010,119.22,115.72,269.76,154.04,77.02,-5.00,45.00,-45.0,45.0,2.390
1761993977.053,11.304,4.390,2.010,119.22,118.48,269.76,151.28,75.64,-5.00,45.00,-45.0,45.0,2.390
1761993977.073,11.325,4.390,2.010,119.22,118.63,269.76,151.13,75.56,-0.35,45.00,-45.0,45.0,2.390
1761993977.094,11.345,4.390,2.010,119.22,118.78,269.76,150.98,75.49,-0.36,45.00,-45.0,45.0,2.390
1761993977.115,11.366,4.390,2.010,107.94,117.52,269.76,152.24,76.12,2.96,45.00,-45.0,45.0,2.390
1761993977.137,11.388,4.410,2.100,107.94,116.26,267.62,151.36,75.68,-2.00,45.00,-45.0,45.0,2.412
1761993977.158,11.409,4.410,2.100,107.94,114.99,267.62,152.63,76.32,3.06,45.00,-45.0,45.0,2.412
1761993977.178,11.429,4.410,2.100,107.94,113.58,267.62,154.04,77.02,3.43,45.00,-45.0,45.0,2.412
1761993977.199,11.450,4.410,2.100,107.94,112.16,267.62,155.46,77.73,3.44,45.00,-45.0,45.0,2.412
1761993977.219,11.471,4.410,2.100,97.67,109.47,267.62,158.15,79.07,5.00,45.00,-45.0,45.0,2.412
1761993977.240,11.491,4.410,2.100,97.67,106.78,267.62,160.84,80.42,5.00,45.00,-45.0,45.0,2.412
1761993977.261,11.512,4.410,2.100,97.67,104.09,267.62,163.53,81.77,5.00,45.00,-45.0,45.0,2.412
1761993977.282,11.533,4.410,2.100,97.67,102.81,267.62,164.82,82.41,3.06,45.00,-45.0,45.0,2.412
1761993977.303,11.554,4.410,2.100,97.67,101.52,267.62,166.10,83.05,3.03,45.00,-45.0,45.0,2.412
1761993977.324,11.575,4.460,1.990,78.23,97.84,270.23,172.39,86.19,5.00,45.00,-45.0,45.0,2.460
1761993977.345,11.596,4.460,1.990,78.23,94.13,270.23,176.10,88.05,5.00,45.00,-45.0,45.0,2.460
1761993977.366,11.617,4.460,1.990,78.23,90.40,270.23,179.83,89.91,5.00,45.00,-45.0,45.0,2.460
1761993977.387,11.638,4.460,1.990,78.23,87.95,270.23,-177.72,-88.86,-5.00,-45.00,45.0,-45.0,2.460
1761993977.409,11.660,4.460,1.990,78.23,85.50,270.23,-175.27,-87.63,5.00,-45.00,45.0,-45.0,2.460
1761993977.430,11.681,4.460,1.990,61.17,80.95,270.23,-170.72,-85.36,5.00,-45.00,45.0,-45.0,2.460
1761993977.451,11.702,4.460,1.990,61.17,76.38,270.23,-166.15,-83.07,5.00,-45.00,45.0,-45.0,2.460
1761993977.472,11.723,4.460,1.990,61.17,71.85,270.23,-161.61,-80.81,5.00,-45.00,45.0,-45.0,2.460
1761993977.493,11.745,4.460,1.990,61.17,69.70,270.23,-159.47,-79.73,5.00,-45.00,45.0,-45.0,2.460
1761993977.514,11.765,4.460,1.990,61.17,67.55,270.23,-157.32,-78.66,5.00,-45.00,45.0,-45.0,2.460
1761993977.535,11.786,4.340,2.240,52.13,64.28,264.14,-160.14,-80.07,-5.00,-45.00,45.0,-45.0,2.352
1761993977.555,11.807,4.340,2.240,52.13,61.02,264.14,-156.88,-78.44,5.00,-45.00,45.0,-45.0,2.352
1761993977.576,11.827,4.340,2.240,52.13,57.78,264.14,-153.64,-76.82,5.00,-45.00,45.0,-45.0,2.352
1761993977.597,11.848,4.340,2.240,52.13,56.65,264.14,-152.51,-76.25,2.75,-45.00,45.0,-45.0,2.352
1761993977.617,11.868,4.340,2.240,52.13,55.52,264.14,-151.38,-75.69,2.75,-45.00,45.0,-45.0,2.352
1761993977.638,11.889,4.340,2.240,64.66,55.95,264.14,-151.81,-75.91,-1.05,-45.00,45.0,-45.0,2.352
1761993977.658,11.909,4.340,2.240,64.66,56.39,264.14,-152.25,-76.12,-1.06,-45.00,45.0,-45.0,2.352
1761993977.679,11.930,4.340,2.240,64.66,56.82,264.14,-152.68,-76.34,-1.06,-45.00,45.0,-45.0,2.352
1761993977.699,11.951,4.340,2.240,64.66,58.40,264.14,-154.25,-77.13,-3.82,-45.00,45.0,-45.0,2.352
1761993977.720,11.971,4.350,2.190,64.66,59.97,265.38,-154.59,-77.29,-0.82,-45.00,45.0,-45.0,2.358
1761993977.741,11.992,4.350,2.190,74.32,62.74,265.38,-157.36,-78.68,-5.00,-45.00,45.0,-45.0,2.358
1761993977.761,12.013,4.350,2.190,74.32,65.51,265.38,-160.14,-80.07,-5.00,-45.00,45.0,-45.0,2.358
1761993977.783,12.034,4.350,2.190,74.32,68.28,265.38,-162.90,-81.45,-5.00,-45.00,45.0,-45.0,2.358
1761993977.803,12.054,4.350,2.190,74.32,69.49,265.38,-164.11,-82.06,-2.94,-45.00,45.0,-45.0,2.358
1761993977.824,12.075,4.350,2.190,74.32,70.70,265.38,-165.32,-82.66,-2.93,-45.00,45.0,-45.0,2.358
1761993977.844,12.096,4.350,2.190,91.48,74.03,265.38,-168.65,-84.32,-5.00,-45.00,45.0,-45.0,2.358
1761993977.865,12.116,4.350,2.190,91.48,77.38,265.38,-172.00,-86.00,-5.00,-45.00,45.0,-45.0,2.358
1761993977.886,12.137,4.350,2.190,91.48,80.74,265.38,-175.36,-87.68,-5.00,-45.00,45.0,-45.0,2.358
1761993977.906,12.158,4.350,2.190,91.48,82.90,265.38,-177.52,-88.76,-5.00,-45.00,45.0,-45.0,2.358
1761993977.927,12.178,4.400,1.970,91.48,85.06,270.72,-174.34,-87.17,5.00,-45.00,45.0,-45.0,2.400
1761993977.948,12.200,4.400,1.970,102.19,88.55,270.72,-177.83,-88.92,-5.00,-45.00,45.0,-45.0,2.400
1761993977.969,12.220,4.400,1.970,102.19,92.03,270.72,178.68,89.34,5.00,45.00,-45.0,45.0,2.400
1761993977.989,12.241,4.400,1.970,102.19,95.49,270.72,175.22,87.61,-5.00,45.00,-45.0,45.0,2.400
1761993978.011,12.263,4.400,1.970,102.19,96.84,270.72,173.88,86.94,-3.06,45.00,-45.0,45.0,2.400
1761993978.032,12.283,4.400,1.970,102.19,98.18,270.72,172.54,86.27,-3.25,45.00,-45.0,45.0,2.400
1761993978.053,12.304,4.400,1.970,116.11,101.24,270.72,169.47,84.74,-5.00,45.00,-45.0,45.0,2.400
1761993978.074,12.325,4.400,1.970,116.11,104.32,270.72,166.39,83.20,-5.00,45.00,-45.0,45.0,2.400
1761993978.094,12.345,4.400,1.970,116.11,107.40,270.72,163.31,81.66,-5.00,45.00,-45.0,45.0,2.400
1761993978.116,12.367,4.400,1.970,116.11,109.15,270.72,161.57,80.78,-4.09,45.00,-45.0,45.0,2.400
1761993978.137,12.388,4.450,2.090,116.11,110.90,267.90,157.00,78.50,-5.00,45.00,-45.0,45.0,2.452
1761993978.162,12.413,4.450,2.090,116.11,112.64,267.90,155.25,77.63,-3.50,45.00,-45.0,45.0,2.452
1761993978.183,12.434,4.450,2.090,116.11,114.38,267.90,153.52,76.76,-4.22,45.00,-45.0,45.0,2.452
1761993978.203,12.454,4.450,2.090,116.11,116.11,267.90,151.79,75.89,-4.20,45.00,-45.0,45.0,2.452
1761993978.224,12.475,4.450,2.090,116.11,116.11,267.90,151.79,75.89,0.00,45.00,-45.0,45.0,2.452
1761993978.245,12.497,4.450,2.090,112.08,115.61,267.90,152.29,76.15,1.17,45.00,-45.0,45.0,2.452
1761993978.266,12.517,4.450,2.090,112.08,115.10,267.90,152.79,76.40,1.22,45.00,-45.0,45.0,2.452
1761993978.287,12.539,4.450,2.090,112.08,114.60,267.90,153.30,76.65,1.17,45.00,-45.0,45.0,2.452
1761993978.310,12.561,4.450,2.090,112.08,114.10,267.90,153.80,76.90,1.12,45.00,-45.0,45.0,2.452
1761993978.331,12.582,4.420,2.080,112.08,113.59,268.11,154.51,77.26,1.69,45.00,-45.0,45.0,2.421
1761993978.353,12.604,4.420,2.080,94.14,110.87,268.11,157.23,78.62,5.00,45.00,-45.0,45.0,2.421
1761993978.374,12.625,4.420,2.080,94.14,108.13,268.11,159.98,79.99,5.00,45.00,-45.0,45.0,2.421
1761993978.394,12.646,4.420,2.080,94.14,105.37,268.11,162.73,81.37,5.00,45.00,-45.0,45.0,2.421
1761993978.416,12.667,4.420,2.080,94.14,103.11,268.11,164.99,82.50,5.00,45.00,-45.0,45.0,2.421
1761993978.436,12.687,4.420,2.080,94.14,100.85,268.11,167.26,83.63,5.00,45.00,-45.0,45.0,2.421
1761993978.457,12.708,4.420,2.080,82.01,97.09,268.11,171.02,85.51,5.00,45.00,-45.0,45.0,2.421
1761993978.477,12.729,4.420,2.080,82.01,93.33,268.11,174.78,87.39,5.00,45.00,-45.0,45.0,2.421
1761993978.498,12.749,4.420,2.080,82.01,89.60,268.11,178.51,89.26,5.00,45.00,-45.0,45.0,2.421
1761993978.519,12.770,4.330,2.090,82.01,88.07,267.79,179.71,89.86,2.92,45.00,-45.0,45.0,2.332
1761993978.539,12.790,4.330,2.090,82.01,86.55,267.79,-178.77,-89.38,-5.00,-45.00,45.0,-45.0,2.332
1761993978.560,12.811,4.330,2.090,61.88,82.56,267.79,-174.77,-87.39,5.00,-45.00,45.0,-45.0,2.332
1761993978.580,12.832,4.330,2.090,61.88,78.53,267.79,-170.74,-85.37,5.00,-45.00,45.0,-45.0,2.332
1761993978.601,12.852,4.330,2.090,61.88,74.48,267.79,-166.70,-83.35,5.00,-45.00,45.0,-45.0,2.332
1761993978.622,12.873,4.330,2.090,61.88,71.94,267.79,-164.16,-82.08,5.00,-45.00,45.0,-45.0,2.332
1761993978.642,12.893,4.330,2.090,61.88,69.40,267.79,-161.62,-80.81,5.00,-45.00,45.0,-45.0,2.332
1761993978.663,12.914,4.330,2.090,54.93,66.00,267.79,-158.21,-79.11,5.00,-45.00,45.0,-45.0,2.332
1761993978.683,12.935,4.330,2.090,54.93,62.62,267.79,-154.83,-77.42,5.00,-45.00,45.0,-45.0,2.332
1761993978.705,12.956,4.330,2.090,54.93,59.28,267.79,-151.49,-75.74,5.00,-45.00,45.0,-45.0,2.332
1761993978.727,12.978,4.330,1.980,54.93,58.41,270.49,-147.91,-73.96,5.00,-45.00,45.0,-45.0,2.330
1761993978.747,12.998,4.330,1.980,54.93,57.54,270.49,-147.05,-73.52,2.11,-45.00,45.0,-45.0,2.330
1761993978.768,13.019,4.330,1.980,62.95,57.67,270.49,-147.18,-73.59,-0.32,-45.00,45.0,-45.0,2.330
1761993978.788,13.040,4.330,1.980,62.95,57.81,270.49,-147.31,-73.66,-0.32,-45.00,45.0,-45.0,2.330
1761993978.809,13.060,4.330,1.980,62.95,57.94,270.49,-147.45,-73.72,-0.32,-45.00,45.0,-45.0,2.330
1761993978.830,13.081,4.330,1.980,62.95,58.94,270.49,-148.45,-74.23,-2.43,-45.00,45.0,-45.0,2.330
1761993978.850,13.102,4.330,1.980,62.95,59.95,270.49,-149.45,-74.73,-2.43,-45.00,45.0,-45.0,2.330
1761993978.871,13.122,4.330,1.980,80.61,63.13,270.49,-152.64,-76.32,-5.00,-45.00,45.0,-45.0,2.330
1761993978.892,13.143,4.330,1.980,80.61,66.34,270.49,-155.85,-77.92,-5.00,-45.00,45.0,-45.0,2.330
1761993978.912,13.164,4.330,1.980,80.61,69.56,270.49,-159.06,-79.53,-5.00,-45.00,45.0,-45.0,2.330
1761993978.933,13.184,4.350,2.080,80.61,71.78,268.05,-163.73,-81.86,-5.00,-45.00,45.0,-45.0,2.351
1761993978.954,13.205,4.350,2.080,80.61,74.00,268.05,-165.95,-82.98,-5.00,-45.00,45.0,-45.0,2.351
1761993978.974,13.226,4.350,2.080,88.82,77.25,268.05,-169.20,-84.60,-5.00,-45.00,45.0,-45.0,2.351
1761993978.995,13.246,4.350,2.080,88.82,80.48,268.05,-172.43,-86.22,-5.00,-45.00,45.0,-45.0,2.351
1761993979.017,13.268,4.350,2.080,88.82,83.69,268.05,-175.64,-87.82,-5.00,-45.00,45.0,-45.0,2.351
1761993979.037,13.289,4.350,2.080,88.82,84.72,268.05,-176.67,-88.33,-2.49,-45.00,45.0,-45.0,2.351
1761993979.059,13.310,4.350,2.080,88.82,85.74,268.05,-177.69,-88.85,-2.36,-45.00,45.0,-45.0,2.351
1761993979.080,13.331,4.350,2.080,111.77,89.58,268.05,178.47,89.24,5.00,45.00,-45.0,45.0,2.351
1761993979.100,13.352,4.350,2.080,111.77,93.47,268.05,174.58,87.29,-5.00,45.00,-45.0,45.0,2.351
1761993979.121,13.372,4.370,2.090,111.77,97.39,267.83,170.43,85.22,-5.00,45.00,-45.0,45.0,2.372
1761993979.142,13.393,4.370,2.090,111.77,100.30,267.83,167.53,83.76,-5.00,45.00,-45.0,45.0,2.372
1761993979.162,13.414,4.370,2.090,111.77,103.20,267.83,164.62,82.31,-5.00,45.00,-45.0,45.0,2.372
1761993979.183,13.434,4.370,2.090,119.64,107.08,267.83,160.75,80.37,-5.00,45.00,-45.0,45.0,2.372
1761993979.204,13.455,4.370,2.090,119.64,110.93,267.83,156.89,78.45,-5.00,45.00,-45.0,45.0,2.372
1761993979.224,13.475,4.370,2.090,119.64,114.72,267.83,153.10,76.55,-5.00,45.00,-45.0,45.0,2.372
1761993979.245,13.496,4.370,2.090,119.64,115.71,267.83,152.12,76.06,-2.39,45.00,-45.0,45.0,2.372
1761993979.265,13.517,4.370,2.090,119.64,116.69,267.83,151.13,75.57,-2.39,45.00,-45.0,45.0,2.372
1761993979.287,13.538,4.370,2.090,114.06,116.98,267.83,150.85,75.42,-0.66,45.00,-45.0,45.0,2.372
1761993979.309,13.561,4.370,2.090,114.06,117.26,267.83,150.56,75.28,-0.65,45.00,-45.0,45.0,2.372
1761993979.331,13.582,4.400,2.050,114.06,117.55,268.81,151.26,75.63,1.64,45.00,-45.0,45.0,2.401
1761993979.351,13.602,4.400,2.050,114.06,116.85,268.81,151.95,75.98,1.69,45.00,-45.0,45.0,2.401
1761993979.372,13.623,4.400,2.050,114.06,116.15,268.81,152.65,76.33,1.69,45.00,-45.0,45.0,2.401
1761993979.393,13.644,4.400,2.050,107.11,114.59,268.81,154.22,77.11,3.79,45.00,-45.0,45.0,2.401
1761993979.413,13.664,4.400,2.050,107.11,113.02,268.81,155.78,77.89,3.81,45.00,-45.0,45.0,2.401
1761993979.434,13.685,4.400,2.050,107.11,111.46,268.81,157.35,78.67,3.80,45.00,-45.0,45.0,2.401
1761993979.454,13.705,4.400,2.050,107.11,110.59,268.81,158.22,79.11,2.11,45.00,-45.0,45.0,2.401
1761993979.475,13.726,4.400,2.050,107.11,109.72,268.81,159.09,79.54,2.11,45.00,-45.0,45.0,2.401
1761993979.496,13.747,4.400,2.050,87.94,106.49,268.81,162.32,81.16,5.00,45.00,-45.0,45.0,2.401
1761993979.516,13.767,4.400,2.050,87.94,103.22,268.81,165.58,82.79,5.00,45.00,-45.0,45.0,2.401
1761993979.537,13.788,4.420,2.050,87.94,99.94,268.82,168.87,84.44,5.00,45.00,-45.0,45.0,2.421
1761993979.557,13.809,4.420,2.050,87.94,97.53,268.82,171.29,85.65,5.00,45.00,-45.0,45.0,2.421
1761993979.578,13.829,4.420,2.050,87.94,95.11,268.82,173.71,86.85,5.00,45.00,-45.0,45.0,2.421
1761993979.599,13.850,4.420,2.050,74.61,91.04,268.82,177.77,88.89,5.00,45.00,-45.0,45.0,2.421
1761993979.619,13.870,4.420,2.050,74.61,86.98,268.82,-178.16,-89.08,-5.00,-45.00,45.0,-45.0,2.421
1761993979.640,13.891,4.420,2.050,74.61,82.95,268.82,-174.13,-87.07,5.00,-45.00,45.0,-45.0,2.421
1761993979.660,13.912,4.420,2.050,74.61,81.28,268.82,-172.46,-86.23,4.07,-45.00,45.0,-45.0,2.421
1761993979.681,13.932,4.420,2.050,74.61,79.60,268.82,-170.79,-85.39,4.07,-45.00,45.0,-45.0,2.421
1761993979.702,13.953,4.420,2.050,54.68,75.48,268.82,-166.67,-83.33,5.00,-45.00,45.0,-45.0,2.421
1761993979.722,13.974,4.420,2.050,54.68,71.32,268.82,-162.51,-81.25,5.00,-45.00,45.0,-45.0,2.421
1761993979.743,13.994,4.330,2.010,54.68,67.16,269.75,-157.41,-78.70,5.00,-45.00,45.0,-45.0,2.330
1761993979.764,14.015,4.330,2.010,54.68,64.65,269.75,-154.89,-77.45,5.00,-45.00,45.0,-45.0,2.330
1761993979.784,14.036,4.330,2.010,54.68,62.13,269.75,-152.38,-76.19,5.00,-45.00,45.0,-45.0,2.330
1761993979.805,14.056,4.330,2.010,57.37,59.96,269.75,-150.21,-75.10,5.00,-45.00,45.0,-45.0,2.330
1761993979.826,14.077,4.330,2.010,57.37,57.81,269.75,-148.06,-74.03,5.00,-45.00,45.0,-45.0,2.330
1761993979.846,14.097,4.330,2.010,57.37,55.69,269.75,-145.93,-72.97,5.00,-45.00,45.0,-45.0,2.330
1761993979.867,14.118,4.330,2.010,57.37,56.02,269.75,-146.27,-73.14,-0.81,-45.00,45.0,-45.0,2.330
1761993979.887,14.139,4.330,2.010,57.37,56.36,269.75,-146.61,-73.30,-0.82,-45.00,45.0,-45.0,2.330
1761993979.908,14.159,4.330,2.010,65.45,57.70,269.75,-147.95,-73.98,-3.25,-45.00,45.0,-45.0,2.330
1761993979.929,14.180,4.330,2.010,65.45,59.05,269.75,-149.30,-74.65,-3.28,-45.00,45.0,-45.0,2.330
1761993979.949,14.201,4.380,2.030,65.45,60.40,269.28,-151.12,-75.56,-4.39,-45.00,45.0,-45.0,2.380
1761993979.971,14.222,4.380,2.030,65.45,61.41,269.28,-152.13,-76.07,-2.36,-45.00,45.0,-45.0,2.380
1761993979.992,14.243,4.380,2.030,65.45,62.42,269.28,-153.14,-76.57,-2.36,-45.00,45.0,-45.0,2.380
1761993980.013,14.265,4.380,2.030,85.19,65.86,269.28,-156.58,-78.29,-5.00,-45.00,45.0,-45.0,2.380
1761993980.035,14.286,4.380,2.030,85.19,69.34,269.28,-160.06,-80.03,-5.00,-45.00,45.0,-45.0,2.380
1761993980.056,14.307,4.380,2.030,85.19,72.83,269.28,-163.55,-81.78,-5.00,-45.00,45.0,-45.0,2.380
1761993980.077,14.329,4.380,2.030,85.19,75.32,269.28,-166.04,-83.02,-5.00,-45.00,45.0,-45.0,2.380
1761993980.098,14.350,4.380,2.030,85.19,77.81,269.28,-168.53,-84.27,-5.00,-45.00,45.0,-45.0,2.380
1761993980.120,14.371,4.380,2.030,93.24,81.30,269.28,-172.02,-86.01,-5.00,-45.00,45.0,-45.0,2.380
1761993980.142,14.393,4.330,1.860,93.24,84.77,273.44,-171.33,-85.67,1.53,-45.00,45.0,-45.0,2.334
1761993980.164,14.415,4.330,1.860,93.24,88.21,273.44,-174.77,-87.38,-5.00,-45.00,45.0,-45.0,2.334
1761993980.185,14.437,4.330,1.860,93.24,89.21,273.44,-175.78,-87.89,-2.33,-45.00,45.0,-45.0,2.334
1761993980.207,14.458,4.330,1.860,93.24,90.22,273.44,-176.78,-88.39,-2.34,-45.00,45.0,-45.0,2.334
1761993980.230,14.481,4.330,1.860,116.11,94.03,273.44,179.41,89.71,5.00,45.00,-45.0,45.0,2.334
1761993980.251,14.502,4.330,1.860,116.11,97.89,273.44,175.55,87.77,-5.00,45.00,-45.0,45.0,2.334
1761993980.272,14.523,4.330,1.860,116.11,101.78,273.44,171.66,85.83,-5.00,45.00,-45.0,45.0,2.334
1761993980.293,14.544,4.330,1.860,116.11,104.67,273.44,168.76,84.38,-5.00,45.00,-45.0,45.0,2.334
1761993980.314,14.566,4.330,1.860,116.11,107.57,273.44,165.87,82.94,-5.00,45.00,-45.0,45.0,2.334
1761993980.336,14.588,4.410,2.040,123.61,111.39,269.05,157.66,78.83,-5.00,45.00,-45.0,45.0,2.410
1761993980.357,14.608,4.410,2.040,123.61,115.18,269.05,153.87,76.93,-5.00,45.00,-45.0,45.0,2.410
1761993980.378,14.630,4.410,2.040,123.61,118.92,269.05,150.13,75.07,-5.00,45.00,-45.0,45.0,2.410
1761993980.399,14.650,4.410,2.040,123.61,119.86,269.05,149.19,74.60,-2.28,45.00,-45.0,45.0,2.410
1761993980.420,14.671,4.410,2.040,123.61,120.80,269.05,148.25,74.13,-2.28,45.00,-45.0,45.0,2.410
1761993980.444,14.695,4.410,2.040,125.08,121.92,269.05,147.13,73.57,-2.32,45.00,-45.0,45.0,2.410
1761993980.465,14.716,4.410,2.040,125.08,123.04,269.05,146.01,73.00,-2.71,45.00,-45.0,45.0,2.410
1761993980.485,14.737,4.410,2.040,125.08,124.16,269.05,144.89,72.44,-2.69,45.00,-45.0,45.0,2.410
1761993980.507,14.758,4.410,2.040,125.08,124.34,269.05,144.71,72.35,-0.43,45.00,-45.0,45.0,2.410
1761993980.529,14.780,4.410,2.000,112.58,122.97,270.00,147.03,73.51,5.00,45.00,-45.0,45.0,2.410
1761993980.550,14.801,4.410,2.000,112.58,121.60,270.00,148.40,74.20,3.26,45.00,-45.0,45.0,2.410
1761993980.571,14.822,4.410,2.000,112.58,120.21,270.00,149.79,74.89,3.27,45.00,-45.0,45.0,2.410
1761993980.592,14.843,4.410,2.000,112.58,118.83,270.00,151.17,75.58,3.28,45.00,-45.0,45.0,2.410
1761993980.613,14.864,4.410,2.000,112.58,117.26,270.00,152.74,76.37,3.72,45.00,-45.0,45.0,2.410
1761993980.634,14.885,4.410,2.000,103.93,114.62,270.00,155.38,77.69,5.00,45.00,-45.0,45.0,2.410
1761993980.655,14.906,4.410,2.000,103.93,111.98,270.00,158.02,79.01,5.00,45.00,-45.0,45.0,2.410
1761993980.676,14.927,4.410,2.000,103.93,109.34,270.00,160.66,80.33,5.00,45.00,-45.0,45.0,2.410
1761993980.697,14.948,4.410,2.000,103.93,108.26,270.00,161.74,80.87,2.57,45.00,-45.0,45.0,2.410
1761993980.718,14.969,4.430,1.870,103.93,107.17,273.06,165.89,82.94,5.00,45.00,-45.0,45.0,2.433
1761993980.740,14.991,4.430,1.870,81.67,103.37,273.06,169.70,84.85,5.00,45.00,-45.0,45.0,2.433
1761993980.761,15.012,4.430,1.870,81.67,99.50,273.06,173.56,86.78,5.00,45.00,-45.0,45.0,2.433
1761993980.782,15.034,4.430,1.870,81.67,95.62,273.06,177.45,88.72,5.00,45.00,-45.0,45.0,2.433
1761993980.804,15.055,4.430,1.870,81.67,92.80,273.06,-179.74,-89.87,-5.00,-45.00,45.0,-45.0,2.433
1761993980.825,15.076,4.430,1.870,81.67,89.98,273.06,-176.92,-88.46,5.00,-45.00,45.0,-45.0,2.433
1761993980.846,15.097,4.430,1.870,71.83,85.95,273.06,-172.89,-86.44,5.00,-45.00,45.0,-45.0,2.433
1761993980.867,15.118,4.430,1.870,71.83,81.94,273.06,-168.88,-84.44,5.00,-45.00,45.0,-45.0,2.433
1761993980.888,15.139,4.430,1.870,71.83,77.98,273.06,-164.92,-82.46,5.00,-45.00,45.0,-45.0,2.433
1761993980.909,15.160,4.430,1.870,71.83,76.75,273.06,-163.69,-81.84,2.94,-45.00,45.0,-45.0,2.433
1761993980.929,15.180,4.430,1.870,71.83,75.52,273.06,-162.45,-81.23,2.99,-45.00,45.0,-45.0,2.433
1761993980.950,15.201,4.350,2.080,58.43,72.62,268.05,-164.57,-82.29,-5.00,-45.00,45.0,-45.0,2.351
1761993980.971,15.222,4.350,2.080,58.43,69.71,268.05,-161.66,-80.83,5.00,-45.00,45.0,-45.0,2.351
1761993980.992,15.243,4.350,2.080,58.43,66.81,268.05,-158.76,-79.38,5.00,-45.00,45.0,-45.0,2.351
1761993981.013,15.264,4.350,2.080,58.43,65.13,268.05,-157.08,-78.54,4.07,-45.00,45.0,-45.0,2.351
1761993981.033,15.284,4.350,2.080,58.43,63.45,268.05,-155.40,-77.70,4.08,-45.00,45.0,-45.0,2.351
1761993981.054,15.305,4.350,2.080,68.29,63.00,268.05,-154.95,-77.48,1.07,-45.00,45.0,-45.0,2.351
1761993981.074,15.326,4.350,2.080,68.29,62.56,268.05,-154.51,-77.26,1.07,-45.00,45.0,-45.0,2.351
1761993981.095,15.346,4.350,2.080,68.29,62.12,268.05,-154.07,-77.04,1.07,-45.00,45.0,-45.0,2.351
1761993981.116,15.367,4.350,2.080,68.29,63.36,268.05,-155.31,-77.65,-3.00,-45.00,45.0,-45.0,2.351
1761993981.137,15.389,4.380,1.980,68.29,64.59,270.48,-154.11,-77.06,2.73,-45.00,45.0,-45.0,2.380
1761993981.160,15.411,4.380,1.980,85.07,67.90,270.48,-157.42,-78.71,-5.00,-45.00,45.0,-45.0,2.380
1761993981.181,15.432,4.380,1.980,85.07,71.23,270.48,-160.75,-80.38,-5.00,-45.00,45.0,-45.0,2.380
1761993981.201,15.453,4.380,1.980,85.07,74.57,270.48,-164.09,-82.04,-5.00,-45.00,45.0,-45.0,2.380
1761993981.222,15.473,4.380,1.980,85.07,76.68,270.48,-166.20,-83.10,-5.00,-45.00,45.0,-45.0,2.380
1761993981.243,15.494,4.380,1.980,85.07,78.79,270.48,-168.31,-84.15,-5.00,-45.00,45.0,-45.0,2.380
1761993981.263,15.514,4.380,1.980,105.24,83.37,270.48,-172.89,-86.44,-5.00,-45.00,45.0,-45.0,2.380
1761993981.284,15.535,4.380,1.980,105.24,88.00,270.48,-177.51,-88.76,-5.00,-45.00,45.0,-45.0,2.380
1761993981.304,15.556,4.380,1.980,105.24,92.61,270.48,177.88,88.94,5.00,45.00,-45.0,45.0,2.380
1761993981.325,15.576,4.400,2.040,105.24,95.15,269.05,173.89,86.95,-5.00,45.00,-45.0,45.0,2.400
1761993981.346,15.597,4.400,2.040,105.24,97.70,269.05,171.35,85.67,-5.00,45.00,-45.0,45.0,2.400
1761993981.366,15.617,4.400,2.040,112.91,101.19,269.05,167.85,83.93,-5.00,45.00,-45.0,45.0,2.400
1761993981.387,15.638,4.400,2.040,112.91,104.67,269.05,164.37,82.19,-5.00,45.00,-45.0,45.0,2.400
1761993981.407,15.659,4.400,2.040,112.91,108.11,269.05,160.93,80.47,-5.00,45.00,-45.0,45.0,2.400
1761993981.428,15.679,4.400,2.040,112.91,109.07,269.05,159.97,79.99,-2.33,45.00,-45.0,45.0,2.400
1761993981.449,15.700,4.400,2.040,112.91,110.03,269.05,159.01,79.51,-2.33,45.00,-45.0,45.0,2.400
1761993981.469,15.720,4.400,2.040,116.48,111.44,269.05,157.61,78.80,-3.42,45.00,-45.0,45.0,2.400
1761993981.490,15.741,4.400,2.040,116.48,112.84,269.05,156.20,78.10,-3.42,45.00,-45.0,45.0,2.400
1761993981.510,15.761,4.400,2.040,116.48,114.25,269.05,154.80,77.40,-3.41,45.00,-45.0,45.0,2.400
1761993981.531,15.782,4.430,1.910,116.48,114.69,272.12,157.43,78.71,5.00,45.00,-45.0,45.0,2.432
1761993981.551,15.803,4.430,1.910,116.48,115.14,272.12,156.98,78.49,-1.09,45.00,-45.0,45.0,2.432
1761993981.572,15.823,4.430,1.910,113.85,115.26,272.12,156.86,78.43,-0.29,45.00,-45.0,45.0,2.432
1761993981.593,15.844,4.430,1.910,113.85,115.38,272.12,156.75,78.37,-0.29,45.00,-45.0,45.0,2.432
1761993981.613,15.864,4.430,1.910,113.85,115.49,272.12,156.63,78.31,-0.29,45.00,-45.0,45.0,2.432
1761993981.634,15.885,4.430,1.910,113.85,115.16,272.12,156.96,78.48,0.80,45.00,-45.0,45.0,2.432
